host_id,c_name,price,c_date,nb_seat,nb_participant,c_cause,v_need
859,Merrick,699,9/1/2023,675,675,"Koch, Kreiger and Koss",false
541,Spaight,692,20/7/2025,553,250,Hudson-Fritsch,false
417,Dorton,233,28/6/2025,899,729,Dooley Group,false
272,Corry,804,26/2/2024,964,875,Ruecker-Green,false
154,Center,720,23/1/2023,655,655,Hand-Lowe,false
112,Northridge,693,13/10/2025,851,851,Olson-McLaughlin,false
749,Transport,57,13/2/2025,517,517,"Kirlin, Hoppe and Stanton",false
982,Charing Cross,823,5/12/2025,967,416,"Abernathy, Hansen and Cummings",false
984,Express,17,9/9/2024,663,490,Brekke-O'Connell,false
491,Arkansas,553,7/3/2026,639,343,Conroy Group,false
713,Mosinee,364,14/1/2024,519,35,Grady-Hettinger,false
900,Butterfield,272,17/12/2022,543,65,"Ernser, Pfeffer and Cormier",false
133,Gina,37,14/6/2024,524,524,Simonis Inc,false
502,Pond,11,11/1/2026,601,601,"Barton, McClure and Nienow",false
702,Transport,195,22/11/2025,879,67,Torphy Group,false
428,Browning,658,9/12/2025,676,606,VonRueden-Pacocha,false
746,Sundown,918,4/9/2023,543,289,Gulgowski-Koch,false
161,Judy,51,13/3/2023,656,656,"Cremin, Labadie and Wuckert",false
370,Del Mar,305,24/9/2022,613,180,Bergstrom-Streich,false
896,Loeprich,323,21/12/2025,936,532,Gottlieb-Larson,true
767,Reindahl,736,26/7/2025,520,346,"Rutherford, Mayer and Von",false
474,Arrowood,381,6/3/2023,734,734,"DuBuque, Beatty and Stehr",false
251,Swallow,323,6/6/2026,544,198,"Haag, Goyette and Legros",false
694,Kedzie,389,14/3/2024,971,971,"Leffler, Treutel and Sawayn",false
665,Cottonwood,901,20/4/2026,794,402,Wyman LLC,false
898,Twin Pines,726,21/3/2026,620,10,McLaughlin-Thiel,false
812,Veith,955,17/9/2024,667,395,Von Group,false
929,Toban,987,4/6/2025,808,243,Bernhard Inc,true
774,Florence,543,5/11/2022,705,705,Heaney-Roberts,false
713,Garrison,203,3/7/2024,678,598,Stokes Inc,false
653,Morningstar,454,9/1/2023,599,179,Lehner LLC,false
332,Vernon,470,14/8/2025,558,558,Jones-Walter,false
72,Londonderry,505,14/2/2024,516,516,"Hilll, Hirthe and Walter",false
950,Cardinal,176,21/10/2025,854,46,Vandervort-Satterfield,false
896,Knutson,259,26/9/2022,655,655,Schiller-Ward,false
147,Spohn,877,13/9/2023,536,429,Lind-Boyle,false
817,Laurel,439,12/11/2023,710,710,"Zulauf, VonRueden and Gutkowski",false
22,Northwestern,702,24/5/2025,546,192,Rutherford-Spinka,false
50,South,651,29/12/2024,678,678,Koss Group,false
927,Namekagon,109,15/12/2025,880,156,"Gislason, Effertz and Nikolaus",false
937,Jackson,330,20/1/2023,835,585,"Heller, Lind and Ritchie",false
653,Onsgard,453,3/12/2024,672,652,Legros-Thompson,false
143,Nancy,926,26/11/2024,559,303,"Gislason, Will and Keebler",false
272,Lighthouse Bay,809,26/5/2024,978,46,"Leffler, Torphy and Fay",false
72,Sunfield,567,6/5/2024,883,696,Bartoletti-Jakubowski,false
774,Alpine,736,19/2/2026,747,747,"Lind, Metz and McDermott",false
147,Hollow Ridge,461,16/3/2023,922,363,Kris and Sons,false
271,West,977,2/10/2022,771,394,"Kilback, McGlynn and Dibbert",false
817,Kropf,754,25/6/2023,809,447,"Glover, Tromp and Steuber",false
984,Carey,831,22/2/2024,536,536,"O'Conner, Lemke and Conn",false
292,Colorado,570,6/12/2025,660,163,Tillman-Friesen,false
501,Karstens,756,8/11/2022,607,457,"Quitzon, Torphy and Fay",false
417,Upham,816,13/10/2025,717,622,Gorczany-Reynolds,false
432,Transport,594,23/11/2024,933,606,Collins-Orn,false
704,Dennis,748,21/11/2023,575,468,"Lind, Bernier and Gutmann",false
762,La Follette,659,23/2/2024,960,6,Lindgren-Fay,false
432,David,191,24/4/2025,778,645,Thiel and Sons,true
96,Tennessee,947,19/4/2024,557,557,"Bechtelar, Hills and O'Conner",false
614,Rieder,604,25/8/2023,608,568,Mueller Inc,false
950,Myrtle,44,6/12/2022,940,48,Lakin-Davis,false
101,Valley Edge,543,14/5/2025,985,768,"Cummerata, Torphy and Veum",false
707,Springs,499,20/12/2023,583,433,Leannon Group,false
150,Meadow Valley,830,18/7/2022,867,632,"Skiles, Schimmel and Stracke",false
332,Village,969,16/8/2023,810,579,Bahringer-Mayert,false
999,Russell,398,12/10/2023,602,181,"Stark, Wolff and Auer",false
81,Luster,846,22/4/2026,656,656,Maggio-Lakin,false
999,Sage,991,11/4/2023,869,368,Stokes-Kub,false
491,Heath,848,4/5/2025,868,674,"Mitchell, Rau and Schuppe",false
702,Garrison,62,3/3/2026,792,792,Leannon LLC,false
370,Logan,936,24/9/2025,519,516,Conroy-Douglas,false
812,Little Fleur,560,21/2/2024,743,2,Abshire-Homenick,false
846,Aberg,703,31/1/2024,899,354,Gulgowski-Toy,false
56,Randy,889,25/11/2025,846,846,Heidenreich-Walker,false
694,Quincy,946,3/4/2023,766,723,Armstrong-Smitham,false
458,Boyd,568,21/12/2025,507,507,"Mosciski, Veum and Ondricka",false
614,Pennsylvania,375,9/3/2024,988,178,Fritsch Group,false
831,Forest Run,606,19/3/2025,885,199,"Bernier, Maggio and Christiansen",false
150,Farmco,408,13/1/2023,891,329,"Christiansen, Gorczany and Kuhic",false
474,Lotheville,323,17/10/2023,939,92,Kulas Inc,true
370,Brown,642,11/12/2025,750,717,Huel LLC,false
72,Goodland,618,4/1/2023,843,366,Kling LLC,false
154,Johnson,566,31/12/2025,514,24,Grady and Sons,false
831,Reindahl,604,20/8/2025,668,321,Kuhic and Sons,false
370,Oak,781,7/12/2022,542,542,Mayer and Sons,false
541,Dapin,124,24/2/2026,856,93,Fisher-Wunsch,false
746,Buell,581,23/1/2026,821,622,Stroman LLC,false
853,Golf Course,834,4/7/2023,662,167,"Gottlieb, Roob and Weissnat",false
491,Cascade,592,14/11/2022,798,606,"Kihn, Stiedemann and O'Connell",false
984,Jackson,709,11/3/2024,933,491,Abshire and Sons,false
927,Vahlen,187,1/6/2023,885,368,"Blick, Macejkovic and Cummings",false
831,Farwell,980,13/5/2025,630,323,Treutel-Schmeler,false
112,Marquette,118,24/3/2024,980,99,"Leuschke, Stiedemann and Daniel",false
272,Warner,533,11/1/2026,660,476,Mueller and Sons,false
101,Sugar,771,5/6/2023,647,329,Bailey-Daniel,false
22,Gateway,233,23/4/2023,500,500,"Connelly, Macejkovic and Waelchi",true
119,Lakeland,217,8/8/2025,579,579,Hammes-O'Connell,true
694,Maple,461,30/8/2023,614,334,Dickinson Group,true
63,Maple,297,22/1/2023,824,72,"Leuschke, Kemmer and Sporer",false
501,Michigan,51,17/10/2022,711,711,"Reichel, Effertz and Kuhic",true
428,Stoughton,297,18/4/2026,960,573,"Kertzmann, Pouros and Dickinson",false
702,Meadow Valley,780,8/2/2023,552,393,"Murray, Pollich and Metz",false
984,Mosinee,289,11/1/2024,906,906,"Mayer, Kemmer and Moore",false
332,Judy,47,21/2/2025,825,825,Mann-Lemke,false
147,Waubesa,893,30/6/2025,971,573,Denesik-MacGyver,false
665,Russell,99,18/12/2022,616,616,Howell and Sons,false
554,Butterfield,172,12/5/2024,828,749,"Kunze, Flatley and Schuster",false
502,Jenna,335,19/2/2025,748,280,Ondricka-Quigley,false
127,Thackeray,724,24/12/2023,784,237,"Aufderhar, Beahan and Lang",false
282,Eagan,112,6/11/2022,706,173,McDermott-Gibson,false
432,Marquette,326,26/11/2022,961,333,"Huels, Nitzsche and Weissnat",false
417,Bartelt,737,27/4/2025,536,122,Langosh Inc,false
548,Esker,222,24/12/2022,843,841,Parker-Kulas,false
132,Calypso,881,24/1/2024,846,104,"Heathcote, Rogahn and Becker",false
417,Saint Paul,593,8/3/2026,921,185,"Ruecker, Mueller and Christiansen",false
292,Waubesa,823,30/8/2023,940,52,Mills Group,false
924,Drewry,335,3/1/2023,512,512,"Kutch, Schamberger and Jacobs",false
81,Gale,792,19/2/2023,686,661,"Brekke, Schaden and Nienow",false
831,Spenser,185,15/11/2024,727,568,"Wyman, Jakubowski and Stokes",false
707,Dunning,639,8/12/2022,596,469,"Schuster, Gulgowski and Sporer",false
387,Dawn,791,3/6/2022,833,91,"Feest, Pouros and Dooley",true
101,Emmet,290,24/9/2023,949,792,"MacGyver, Boyer and Wilderman",false
896,Moland,372,15/9/2024,902,325,Rosenbaum and Sons,false
362,Melvin,447,23/11/2023,775,775,"Dicki, O'Connell and Koss",false
201,Kim,447,21/7/2022,514,158,Ryan Group,false
474,Porter,28,26/12/2024,962,656,"Ernser, Jacobs and Graham",true
101,Mccormick,336,22/7/2024,901,517,"Boyer, Carroll and Ernser",false
501,Evergreen,82,4/2/2026,999,433,Moore and Sons,false
150,Forest Dale,923,8/10/2022,541,541,Kutch LLC,false
428,Waywood,553,10/12/2025,601,490,Bednar-Kozey,true
394,Arkansas,31,23/9/2025,613,82,Davis Group,true
774,Thackeray,139,15/6/2023,824,655,"Donnelly, Kulas and Skiles",false
292,Norway Maple,872,31/7/2022,748,389,Schowalter-Bartell,false
817,Texas,765,16/12/2025,808,808,"Smitham, Mohr and Stoltenberg",false
859,Tennessee,712,15/5/2025,944,400,Wisoky-Goldner,false
999,Westport,296,13/6/2026,738,738,"Lang, Toy and Kulas",false
493,Troy,394,15/3/2025,922,510,Murray Group,false
771,Monica,365,24/2/2025,760,627,Waelchi and Sons,true
704,Dixon,797,27/6/2022,736,736,Cassin Group,false
50,Bartillon,683,8/7/2023,660,239,Boyle-Schaefer,false
474,Becker,926,22/3/2023,685,414,"Hoppe, Roob and Prohaska",false
143,3rd,838,14/1/2024,551,551,"Hilll, Nicolas and Goyette",false
846,Utah,64,28/2/2026,954,646,Lockman Inc,false
865,Logan,560,19/5/2026,604,586,Schulist and Sons,false
112,Pierstorff,884,22/11/2025,614,33,Kuphal LLC,false
672,Golden Leaf,441,28/12/2022,808,632,Batz Inc,false
409,Bowman,548,26/7/2025,711,308,"Hermann, Russel and Sanford",false
900,Jana,544,13/1/2023,920,689,"Russel, Heaney and Brakus",false
846,Northview,719,11/4/2026,621,382,Emmerich LLC,false
924,Golden Leaf,252,10/7/2023,841,53,"Quitzon, Schimmel and Franecki",false
762,Cambridge,942,18/10/2025,821,687,Carroll Group,false
145,Petterle,557,23/4/2023,640,640,"Nitzsche, Treutel and Medhurst",false
112,Colorado,235,9/8/2024,653,653,Crona-Jacobs,false
501,Hansons,871,9/10/2025,989,893,Boyer and Sons,false
653,Artisan,531,29/3/2024,793,70,Heaney-Pfannerstill,false
394,Florence,671,8/11/2024,601,601,Weissnat Inc,false
428,Menomonie,285,8/7/2025,912,912,"Hartmann, O'Conner and O'Hara",false
927,Hanson,125,17/12/2022,661,661,"Schultz, Fadel and Zulauf",false
393,Sommers,287,11/9/2022,939,137,Graham and Sons,false
272,Debs,820,7/3/2023,787,261,Macejkovic-Keeling,false
282,Texas,994,26/10/2025,709,204,O'Kon-Schaefer,false
427,Northland,257,30/4/2025,745,745,Ruecker Group,false
458,Golf Course,637,4/8/2022,704,87,Kub LLC,false
282,Cody,18,21/7/2022,636,49,"Wilderman, Jaskolski and Ledner",false
474,Killdeer,524,7/8/2023,876,427,Nicolas-Barrows,false
430,Bunker Hill,111,7/3/2024,592,85,Von-Kilback,false
929,Crescent Oaks,939,23/11/2025,623,623,Blanda Group,false
271,Johnson,784,4/8/2025,681,662,Hackett Group,false
984,Heffernan,61,4/2/2025,926,800,"Blick, Bernhard and Murray",false
896,Lunder,922,5/1/2025,847,121,Bednar-Wiza,false
767,Oxford,922,7/8/2023,531,531,Crona Inc,false
950,Meadow Ridge,466,25/5/2026,557,557,Will Inc,false
950,Quincy,963,1/12/2022,625,625,Reichert-Donnelly,false
101,Bartillon,323,16/7/2025,692,57,Franecki-Kilback,false
767,Red Cloud,365,2/9/2022,585,233,Ratke-Schulist,false
427,Duke,953,14/10/2024,727,164,"Becker, Herzog and Welch",false
975,Coolidge,992,17/5/2026,515,515,Lueilwitz-Rath,false
72,Waubesa,704,11/11/2024,907,406,Beatty-Zboncak,false
370,Westend,490,7/9/2025,948,523,Graham-Emard,false
474,Truax,891,24/3/2026,779,723,Rempel-VonRueden,true
119,Northwestern,593,19/8/2023,654,654,Halvorson-Wolff,false
440,Grover,372,23/4/2023,685,685,Corwin-Koch,false
394,Brickson Park,919,16/3/2025,828,423,Ritchie-Leuschke,true
817,Warrior,620,4/6/2024,628,337,"Sawayn, Hoeger and Konopelski",true
984,Daystar,871,7/10/2025,652,26,Rempel-Kertzmann,false
394,Mcguire,606,20/4/2024,911,902,Kuhic-Corkery,false
440,Wayridge,939,27/10/2025,702,702,"Carter, Schimmel and Jacobson",false
554,Fairview,903,17/10/2024,650,650,"Marquardt, Bahringer and O'Connell",false
578,Ryan,667,8/6/2024,907,881,Heaney LLC,false
781,Arizona,407,15/6/2022,692,692,Sporer Inc,false
924,Anthes,197,19/5/2026,779,169,Waelchi-Bernhard,false
50,Acker,305,30/3/2024,988,893,"Green, Nolan and Hessel",false
774,Longview,112,27/11/2022,959,476,"Spencer, Sanford and Jenkins",false
133,Little Fleur,62,17/6/2023,787,717,"Tremblay, Murazik and Legros",false
672,Blue Bill Park,23,8/4/2025,544,544,Stark-Christiansen,false
352,International,257,15/6/2023,747,747,"Goodwin, Rosenbaum and Abshire",false
376,Westerfield,774,9/2/2025,593,327,"Cremin, Yundt and Lynch",false
428,Longview,414,30/1/2026,948,904,"Mills, Wehner and Dietrich",false
147,Mandrake,324,20/4/2024,797,797,Koss Inc,false
853,Killdeer,470,20/9/2023,997,614,Sipes-Balistreri,false
641,Forster,162,24/1/2023,635,479,Armstrong and Sons,false
614,Chive,56,27/6/2025,758,274,Boyle LLC,false
982,Sauthoff,694,22/2/2026,834,37,Franecki-Auer,true
641,Forest Dale,547,2/3/2024,625,625,Zboncak-Mayer,false
831,Holy Cross,265,6/8/2024,504,24,Wunsch Inc,false
774,Hooker,963,23/2/2024,790,517,"Swift, Kling and Goyette",false
272,Trailsway,506,22/3/2026,843,344,"Hayes, Bailey and Turcotte",false
927,Summerview,923,28/4/2024,934,234,"Connelly, Murphy and Swift",false
132,Bunker Hill,439,26/9/2024,566,566,Wolff-O'Reilly,false
271,Warrior,745,23/1/2025,938,454,Herman Inc,false
366,Harper,878,25/9/2023,884,409,"Brown, Rowe and Haag",false
709,Grover,585,4/6/2025,717,304,"Heaney, Heaney and Mayer",false
627,Pine View,156,4/2/2025,872,452,"Schaefer, Brown and Friesen",false
702,Orin,847,2/3/2025,824,744,Mante-Cremin,false
859,Norway Maple,446,16/4/2026,898,721,Jacobs Inc,false
627,Clyde Gallagher,935,12/3/2026,813,285,Marvin Inc,false
64,Express,251,7/11/2023,665,235,Aufderhar-Cartwright,false
428,La Follette,232,12/1/2026,596,596,Casper-Weissnat,false
282,Veith,925,30/4/2026,713,372,"Ullrich, Heaney and Cassin",false
762,Northport,404,28/1/2026,640,629,Graham-Wolff,false
704,Pankratz,331,17/9/2024,776,282,"Miller, Waelchi and Schaden",false
898,David,944,22/2/2026,906,477,Jacobson-Predovic,false
554,Grover,535,26/6/2023,943,542,Mohr Group,true
112,Sachs,792,6/6/2025,744,308,Aufderhar-Thompson,false
147,Golf Course,150,23/12/2023,951,774,"Auer, Kertzmann and Mills",false
541,Mccormick,408,23/6/2022,758,295,Satterfield-Reynolds,false
627,Cordelia,454,25/12/2022,610,239,"Haley, Wisozk and Christiansen",false
393,Sage,459,13/11/2023,570,570,Johnson Inc,false
112,Oneill,869,5/12/2023,743,694,Lang Inc,false
154,Corben,396,26/7/2025,892,826,DuBuque-Turner,false
999,Pankratz,722,4/5/2026,629,64,Ziemann LLC,true
323,Helena,349,29/5/2025,869,842,Cassin-McKenzie,false
929,Pond,442,28/2/2023,864,822,Kilback-Kunde,false
96,Buhler,654,23/4/2025,684,433,Gutkowski-Lockman,false
323,Memorial,920,26/6/2023,928,209,Heidenreich-Schmitt,false
713,Colorado,864,27/11/2024,831,338,Erdman-Kub,false
924,Helena,271,16/1/2024,638,585,Beahan Inc,false
781,Melby,2,26/3/2023,725,258,Ritchie Inc,false
982,Golden Leaf,318,29/2/2024,730,580,Jacobson-Schroeder,false
323,Main,923,22/8/2022,921,636,"Predovic, Bernhard and Hilll",false
853,Westend,498,24/9/2023,537,537,"Herman, Koelpin and Konopelski",false
831,Dahle,732,11/9/2023,502,502,"Frami, Mohr and Pouros",false
282,Tennyson,393,30/5/2025,625,401,"Schowalter, Dooley and Greenfelder",false
767,Buena Vista,882,25/5/2026,950,810,Hyatt LLC,true
975,Maple Wood,21,7/5/2023,685,428,Crooks-Goodwin,false
812,Homewood,770,24/8/2023,715,186,"Pfannerstill, Runolfsson and Friesen",false
132,Chive,595,29/3/2026,685,685,"Marquardt, Howe and Kertzmann",true
501,Sunnyside,213,16/4/2023,509,509,Labadie-Wisoky,false
430,Service,354,7/3/2025,906,379,Pacocha LLC,false
394,Valley Edge,411,17/10/2025,901,138,"Jacobi, Schaefer and Hirthe",false
652,Warrior,453,27/4/2025,658,657,Bednar Group,false
112,Brentwood,431,20/3/2024,722,722,"Pacocha, Wehner and Fisher",false
201,Schmedeman,265,12/4/2025,601,601,Jerde Inc,false
755,Bluestem,290,31/3/2024,725,609,Windler-Ondricka,false
704,Clyde Gallagher,236,7/7/2024,930,261,Stroman-Champlin,false
101,Monument,483,4/11/2023,711,711,Wunsch LLC,false
277,Holmberg,79,6/11/2023,938,938,Hessel LLC,false
251,Spaight,398,10/11/2024,890,838,Johnston Inc,true
72,Graceland,436,1/1/2023,717,681,Koss-Powlowski,false
393,Ludington,328,15/5/2024,862,785,"Jacobson, Gusikowski and Hilpert",false
812,Elmside,952,14/7/2025,980,163,"Rempel, Parker and Graham",false
143,Hermina,705,24/5/2026,791,402,Batz Inc,false
101,Main,167,12/8/2025,544,544,"Kuphal, Muller and Bode",false
323,Elka,127,3/11/2023,716,58,Hettinger-Powlowski,false
627,Anniversary,639,30/1/2024,871,416,Torp Group,false
22,Harbort,393,13/1/2024,620,620,Ledner-Herman,false
81,Packers,110,1/5/2025,821,727,Schmitt-Schinner,false
548,Cordelia,489,17/10/2025,646,646,Boyle and Sons,false
41,Toban,808,21/10/2024,561,46,Hermann-Schuster,false
272,Hauk,758,2/11/2022,568,469,Nikolaus-Hamill,false
282,Magdeline,788,8/1/2023,766,229,Macejkovic Inc,false
127,Packers,411,11/1/2025,778,35,"Reilly, Boehm and Romaguera",false
417,Crescent Oaks,78,26/1/2026,525,525,Hoppe Group,false
548,Raven,769,16/12/2025,956,821,Murphy-Metz,false
277,Prairieview,637,23/12/2023,861,399,Hayes-Von,false
309,Washington,578,19/8/2022,523,523,Crooks-Oberbrunner,false
900,American Ash,315,26/5/2022,930,427,Veum-Kihn,false
665,Maryland,161,10/11/2024,570,42,"Mohr, Corkery and Denesik",true
697,Dexter,603,16/11/2024,836,808,Cartwright Inc,true
491,Garrison,724,27/8/2024,860,99,Dare Group,false
150,Northland,614,27/6/2024,619,572,Pouros Group,false
501,Carioca,148,9/7/2026,548,548,Strosin-Oberbrunner,false
428,Crowley,190,18/8/2022,608,268,Cremin Inc,false
22,Fuller,475,3/8/2025,705,705,"Daugherty, Murray and Schmitt",false
501,Graedel,585,10/9/2025,727,120,Jacobi-Ebert,true
578,Annamark,628,28/5/2024,621,621,Mills-Okuneva,true
63,Arkansas,390,8/7/2025,947,256,Will LLC,false
865,Old Shore,710,11/2/2024,835,834,Zboncak-Hegmann,false
119,Green,762,26/7/2023,581,571,Haley LLC,true
112,Troy,217,22/5/2026,940,97,"Orn, Feest and Grant",false
101,Eagan,796,24/9/2025,729,729,Kirlin Group,false
101,Crescent Oaks,866,29/6/2024,509,205,"Smith, Rolfson and Dare",false
366,Almo,302,26/1/2025,815,815,Littel LLC,false
975,Scoville,226,3/2/2023,551,121,"Cremin, Terry and Metz",false
64,Sunnyside,386,18/8/2024,675,201,Emard-Kris,false
672,Old Shore,812,10/10/2022,760,106,Graham Inc,false
96,East,621,24/1/2023,927,713,Kuhic-Reilly,false
817,Alpine,701,24/5/2022,822,467,"Kutch, Carter and Breitenberg",false
362,Grover,509,31/3/2023,937,856,"Bartell, Hammes and Torphy",false
161,Maryland,512,10/9/2025,815,248,"Fritsch, Boehm and Mertz",false
704,Thierer,458,28/6/2026,910,301,Jast and Sons,false
707,Sycamore,89,26/12/2022,924,254,Cormier-Bergstrom,false
271,Dakota,927,6/8/2025,625,12,Kutch-O'Keefe,false
713,Hollow Ridge,306,11/3/2024,989,316,Windler-McGlynn,false
133,Prairie Rose,862,3/5/2024,926,187,"Wilderman, Carter and Rutherford",false
271,Pearson,180,21/8/2023,667,454,Kuhlman-Treutel,false
704,Fairfield,196,8/1/2023,573,573,Ratke Group,false
101,Eastwood,696,29/6/2024,769,515,Lynch-Davis,false
96,Warbler,560,18/5/2025,510,213,Block-Wilkinson,false
501,Bonner,242,25/6/2026,594,522,Dibbert Inc,false
713,Vernon,680,13/11/2023,776,578,Grant-Paucek,false
112,Ludington,716,10/9/2023,882,255,Quitzon Group,false
709,Jenifer,660,4/6/2026,543,543,Steuber Inc,false
366,Talisman,587,24/10/2024,775,740,"Hintz, Waelchi and Walter",true
900,Crowley,622,26/9/2025,630,180,Leffler-Smith,false
900,Acker,601,27/5/2025,672,158,Towne and Sons,false
154,Melrose,337,11/4/2024,510,510,"Towne, Rau and Reynolds",false
154,Cody,337,25/11/2024,617,325,Dickinson and Sons,false
292,Sutherland,76,6/2/2024,858,92,"Fritsch, Goyette and Spencer",false
370,Harper,170,6/10/2023,816,816,Murray-Emard,false
440,5th,756,26/4/2023,806,136,Kessler Group,false
72,Michigan,524,19/3/2024,921,702,Auer LLC,false
975,Glacier Hill,105,16/9/2023,917,562,"Gorczany, Hagenes and Kohler",true
112,Thompson,233,27/11/2024,512,512,D'Amore LLC,false
292,Moulton,751,22/3/2025,946,308,Bogisich-Kiehn,false
937,Kinsman,598,5/11/2022,823,752,"Heaney, Renner and Langosh",false
853,Mccormick,695,26/7/2023,602,136,Stanton Inc,false
865,Lighthouse Bay,824,26/4/2025,549,139,Yost-Schneider,false
150,Merchant,882,7/7/2023,743,743,Morissette and Sons,false
458,Victoria,324,2/8/2025,953,712,Doyle Inc,false
541,Troy,574,25/2/2026,818,818,"Prohaska, Green and Ritchie",false
143,Buhler,49,10/6/2024,697,282,"Padberg, Steuber and Effertz",false
665,Washington,96,16/1/2023,579,285,Kautzer and Sons,false
746,Dakota,452,15/1/2024,951,746,"Powlowski, Halvorson and Gerlach",false
50,Claremont,147,3/1/2024,568,568,Schinner-Lesch,false
537,Stuart,421,4/6/2024,989,112,Tremblay Inc,false
272,Eastwood,435,10/7/2024,808,383,"Hackett, Kuhic and Mayer",false
999,Huxley,442,11/1/2025,863,84,"Jones, Kshlerin and Schaefer",false
119,Del Mar,909,21/10/2022,839,752,"Bailey, Ritchie and Hansen",false
537,Russell,905,18/1/2023,585,191,"Kuphal, Swaniawski and Kovacek",false
56,Judy,492,13/6/2022,618,479,Padberg-Weimann,false
154,Village,711,12/2/2023,836,836,Schmeler-Mertz,false
709,Iowa,669,7/3/2023,943,894,Sauer-Cruickshank,false
774,Emmet,102,18/1/2026,891,836,Ward and Sons,true
63,Sundown,575,2/2/2023,640,19,Tillman LLC,false
96,Stoughton,658,31/12/2023,912,912,"Weissnat, Bayer and Torphy",false
370,Corry,48,14/11/2024,759,759,"Ledner, Heidenreich and Emmerich",false
652,Little Fleur,399,29/11/2023,958,843,"Dickinson, Oberbrunner and Ankunding",false
332,Express,253,1/9/2022,991,28,Gutkowski Inc,false
900,Sutteridge,427,12/11/2023,971,59,"Rempel, Konopelski and Marquardt",false
309,Express,16,27/3/2026,686,466,"Dooley, Kuhn and Zemlak",false
323,Farmco,257,22/11/2025,823,283,"Mante, Willms and Strosin",false
292,Waxwing,181,4/12/2025,729,441,Gutkowski-Wilderman,false
929,Becker,700,14/1/2024,935,85,Halvorson-McLaughlin,false
812,Onsgard,953,29/10/2024,940,680,Murazik Inc,false
41,Nevada,388,28/4/2025,523,523,Botsford-Pacocha,false
119,Dakota,492,4/1/2023,916,916,"Fisher, Schmitt and Miller",true
352,Union,909,16/9/2024,763,763,"Block, Reinger and Gleichner",false
665,Milwaukee,379,25/12/2022,997,711,"Stamm, Mraz and Beatty",false
417,Hudson,949,27/9/2024,641,641,"Kautzer, Champlin and Breitenberg",false
127,Debra,487,7/12/2023,885,475,Schmidt-Marvin,false
812,Homewood,873,15/5/2024,756,756,Swaniawski Group,true
950,Green Ridge,377,9/7/2023,914,633,Schroeder LLC,false
366,Gina,510,25/4/2023,990,923,Strosin Group,false
898,Grasskamp,112,30/8/2022,796,330,Rippin Inc,false
251,Linden,93,28/6/2026,786,786,Adams-Abbott,false
251,Saint Paul,276,20/3/2024,876,876,"Ledner, Huels and Schoen",false
896,Morning,27,25/10/2024,946,888,Emmerich and Sons,false
501,Eastlawn,788,24/5/2024,623,623,Kulas LLC,false
950,Blaine,160,25/7/2023,611,611,Frami-Farrell,false
762,Cardinal,438,28/10/2025,844,288,"Lehner, Koch and Klein",false
112,Dayton,571,13/12/2023,720,251,"VonRueden, Smitham and Gottlieb",false
950,Summer Ridge,263,5/6/2023,834,327,Tremblay-Kirlin,false
39,Banding,774,11/11/2024,577,30,Barton-Prosacco,false
39,Duke,174,3/1/2026,849,101,Donnelly and Sons,false
853,Golf View,883,2/11/2023,748,570,"Konopelski, Bednar and Kub",false
927,Pleasure,831,30/6/2024,954,264,Rice-Daniel,false
50,Truax,7,26/2/2025,939,725,"Nienow, Kling and Halvorson",false
713,Monica,117,25/12/2025,686,594,Mayert LLC,false
665,Blaine,932,9/7/2026,959,873,Walter-Weissnat,false
370,Hudson,909,20/10/2024,988,63,Reichert-Larson,false
272,Birchwood,607,24/11/2022,822,31,Kub-Lemke,false
999,Hayes,637,25/6/2023,623,623,Williamson-Wilderman,false
900,Larry,295,16/9/2022,554,400,Walsh-Strosin,false
428,Parkside,322,19/8/2022,825,825,Gibson-Toy,false
672,Spohn,269,19/7/2022,570,127,Torp-Schmitt,false
394,Heath,50,29/12/2022,631,465,Bosco Inc,true
201,Bobwhite,527,16/11/2022,549,549,Ritchie-Langworth,false
665,Gulseth,714,3/8/2022,591,591,Bogan-Stoltenberg,false
251,Oakridge,659,28/4/2023,786,786,Gottlieb-Ankunding,false
927,Spenser,983,18/4/2024,671,19,"Bartell, Muller and Pacocha",true
350,4th,185,7/1/2026,913,410,"Kiehn, Beatty and Johns",false
859,Canary,740,11/8/2024,546,65,"Murphy, Kessler and Beatty",true
430,Nancy,416,14/9/2024,749,192,Murray-Walter,false
145,Basil,405,30/10/2024,580,299,Kutch-Dooley,false
900,Heffernan,918,8/6/2026,561,561,Marks-Prohaska,false
218,Duke,281,2/10/2024,586,359,"Kuhlman, Kovacek and Considine",false
143,High Crossing,228,5/5/2024,778,778,Franecki-Orn,false
859,Northview,36,10/11/2022,895,380,"Mertz, Emmerich and Schuppe",false
127,Washington,526,27/12/2022,923,600,"Abbott, Hintz and Cole",false
428,Drewry,95,13/10/2023,549,549,Thompson-West,true
694,Milwaukee,151,5/12/2024,921,899,"Miller, Collier and Reichert",true
627,Florence,818,18/4/2023,763,763,Medhurst Inc,false
332,Atwood,45,20/9/2025,881,652,Haag-Lindgren,false
72,Moland,648,9/12/2023,523,517,"Labadie, Bode and Hane",false
502,Bultman,520,12/2/2026,841,169,Ernser-Green,false
771,Heffernan,102,10/6/2025,812,812,Tillman-Grant,false
201,Anzinger,178,22/6/2024,703,294,Schroeder-Waelchi,false
767,Northport,594,28/8/2023,787,787,"Jast, Moen and Stoltenberg",false
982,Maple,909,15/3/2026,843,302,Larkin LLC,false
614,Rieder,744,2/4/2023,565,565,Grant Inc,false
394,Summit,395,30/3/2024,898,898,Dare LLC,false
366,Ruskin,215,15/1/2026,813,177,Carter-Mayert,false
323,Petterle,675,6/12/2025,636,636,"Turcotte, Hayes and Keeling",false
50,Fairfield,16,22/10/2022,913,21,"Legros, Strosin and Hilpert",false
702,Schurz,543,14/2/2024,807,178,"Paucek, Stiedemann and Lakin",false
846,Evergreen,652,21/10/2023,761,761,Flatley-Goyette,false
64,Barby,555,7/9/2025,747,747,"Dare, Bashirian and Reinger",false
762,Weeping Birch,348,25/7/2025,765,503,"Fisher, Jakubowski and Jerde",false
937,Fordem,599,6/8/2023,927,808,Watsica-Witting,false
537,Manufacturers,262,28/11/2025,755,75,"Corkery, Konopelski and Torphy",false
896,Fairfield,704,15/9/2024,684,509,"Wisozk, Gleason and Hauck",true
859,Mariners Cove,306,2/8/2025,802,120,Kuhn-Hintz,false
458,Cordelia,543,18/3/2025,846,301,Zemlak-Gutmann,false
491,Dakota,832,26/1/2026,736,723,Bauch and Sons,false
647,Quincy,337,16/3/2026,891,182,"Graham, Wilkinson and Gutkowski",false
746,Amoth,802,4/12/2022,959,792,"Wyman, Heidenreich and Bogisich",false
694,Eastwood,152,21/6/2024,551,318,Pacocha LLC,false
161,Lindbergh,647,1/9/2025,745,102,"White, Moen and Ward",false
502,Becker,497,17/5/2026,626,626,McClure-Schmidt,false
702,Luster,763,14/1/2023,638,638,Heller-Bashirian,false
781,Becker,53,28/11/2025,863,10,"Sporer, Ankunding and Bogan",false
63,Loomis,334,10/11/2025,820,616,Labadie-Ondricka,false
999,Kensington,595,5/5/2023,825,825,"Wilderman, Nitzsche and Bashirian",false
41,Tennessee,403,24/2/2023,547,327,Keeling-Kub,false
950,Dryden,501,14/8/2024,786,360,Towne Group,false
984,Saint Paul,110,5/9/2024,921,388,"Haag, Funk and Koelpin",false
982,Thackeray,561,25/4/2025,957,42,"Armstrong, Rogahn and Reichel",false
493,Bunker Hill,910,18/11/2024,963,948,"Spinka, Koch and Crona",false
427,Almo,387,6/9/2023,813,421,"Hudson, Ankunding and Mertz",false
831,Beilfuss,45,20/1/2026,760,760,"Jenkins, Wilkinson and Pacocha",false
537,Truax,463,7/6/2025,582,582,Kohler-Schowalter,false
370,Mockingbird,67,5/1/2024,658,658,Lemke-Reichert,false
984,Coolidge,795,8/11/2023,709,279,Willms and Sons,true
22,Golden Leaf,572,4/7/2023,796,341,Brekke Inc,false
154,Toban,702,16/2/2025,936,924,Kutch-Kuhlman,false
430,International,704,6/9/2023,781,501,"Watsica, Ullrich and Abshire",false
652,Pepper Wood,108,5/3/2023,647,30,Block Inc,false
277,Summer Ridge,489,21/4/2026,711,101,Will-Okuneva,false
898,Anhalt,219,31/3/2025,976,451,Smitham LLC,false
39,Steensland,405,18/11/2025,756,334,"O'Kon, Hoppe and Roob",false
697,Rutledge,747,29/3/2023,876,876,Kutch Inc,false
56,Golf View,86,20/3/2023,504,504,Spencer-Fahey,true
96,Pierstorff,507,29/3/2025,953,423,Champlin-Steuber,false
394,Maywood,480,12/9/2022,943,244,"Little, Pollich and Braun",false
393,Hoepker,897,8/1/2026,600,600,"Dicki, Rohan and Berge",false
393,Commercial,391,1/7/2022,838,838,Osinski Group,false
491,Blaine,865,20/1/2023,967,786,Klein Inc,false
292,Shoshone,795,30/7/2023,589,589,Mills-Dibbert,false
937,Elgar,67,23/8/2023,995,407,Nicolas-Crona,false
859,Almo,481,4/7/2023,647,487,Hermann Group,false
817,Mcbride,824,13/5/2026,569,569,"Dibbert, Nolan and Ferry",false
927,Warbler,911,18/11/2022,994,445,Collins-Conroy,false
64,Kenwood,655,5/12/2025,714,714,Cartwright-Littel,false
218,Jackson,589,14/3/2026,819,819,Medhurst-Stark,false
112,Debs,312,15/4/2023,534,253,Wolf and Sons,false
282,Iowa,965,20/4/2024,509,509,Nicolas Group,false
271,Prairie Rose,983,18/8/2022,913,7,Kutch-Hahn,false
749,Logan,292,8/7/2024,766,198,"Cartwright, Durgan and Williamson",false
493,Lunder,744,1/11/2025,536,536,"Denesik, Effertz and Kertzmann",false
127,Moland,535,16/7/2023,840,651,"Fahey, Leuschke and Tremblay",false
393,Forest,452,16/11/2023,966,503,Collins Inc,false
251,Boyd,866,22/2/2026,610,147,Kuhlman-Gottlieb,false
56,Marquette,487,5/9/2023,799,164,Kertzmann LLC,false
950,Armistice,942,20/12/2025,690,690,"Bahringer, Farrell and Conroy",false
709,Dayton,150,7/5/2024,532,532,"Ledner, Schulist and Hansen",false
394,Moose,433,12/1/2026,894,645,"Lind, Kuphal and Cummings",false
22,Maple,702,29/6/2026,939,182,Kilback-Yost,false
39,1st,426,17/2/2025,620,416,"Kulas, Rodriguez and Kuhlman",false
672,Gulseth,810,6/1/2024,713,700,Leffler-White,false
56,Eastwood,695,12/1/2026,977,685,O'Reilly-Stroman,false
393,Debra,174,13/6/2022,829,783,Wunsch Group,false
749,Saint Paul,264,30/8/2025,818,371,"Sawayn, Walsh and Reichel",false
702,Northland,622,18/5/2025,989,951,"Purdy, Gislason and Stokes",false
774,Weeping Birch,731,26/3/2024,687,687,Quitzon-Parker,false
817,Dakota,487,15/6/2025,705,215,Gleason and Sons,false
127,Butternut,16,20/8/2024,788,51,"Konopelski, Ritchie and Becker",false
771,Buena Vista,566,23/5/2024,570,42,Bins and Sons,false
578,Morning,743,14/3/2024,822,822,Dietrich-Feil,false
929,Laurel,356,21/1/2024,946,792,Hettinger-Cruickshank,false
440,Tomscot,552,11/7/2023,574,159,Schoen Group,false
474,Hintze,376,19/8/2022,685,672,"Schuster, Hoeger and Balistreri",false
417,Goodland,344,6/10/2023,607,177,Krajcik-Boyle,false
143,Lotheville,700,12/8/2022,769,207,Okuneva-Brekke,false
432,Summit,614,20/12/2025,612,112,"Kuhlman, Witting and Turcotte",false
370,Del Mar,84,29/8/2022,810,11,Lebsack Inc,false
652,Crowley,166,3/4/2026,770,770,Hoeger-Volkman,false
767,Mifflin,124,19/4/2025,766,333,Bosco and Sons,true
127,Monica,88,24/7/2025,547,81,Berge Group,false
112,Monica,758,30/1/2024,657,657,"Schuster, O'Hara and Tremblay",false
119,Butternut,648,24/11/2025,761,547,Schroeder Inc,false
647,Chinook,129,26/12/2024,588,344,"Volkman, Langworth and Corkery",false
812,Summer Ridge,678,11/6/2025,967,593,Fahey Group,true
292,New Castle,730,4/5/2023,513,291,"Rohan, Wyman and Ratke",false
859,Declaration,313,31/3/2026,743,444,DuBuque-Bednar,false
746,Meadow Valley,367,5/8/2024,793,306,Lockman Group,false
709,Lakeland,101,18/10/2023,800,271,Witting-Green,false
853,Morrow,413,2/11/2024,543,543,"Kozey, Rath and Hamill",false
147,Scott,243,31/8/2025,709,610,"Schuster, Wiegand and Hirthe",false
502,Schiller,346,11/9/2022,675,501,Hauck and Sons,false
672,Mcguire,566,3/11/2024,530,487,Ondricka-Marquardt,false
537,Transport,419,10/4/2025,545,418,Deckow Inc,false
271,Golden Leaf,554,4/7/2022,901,243,Reinger-Wunsch,false
271,Sunnyside,198,9/11/2022,817,817,Halvorson-Wehner,false
865,Kinsman,423,22/1/2024,845,243,Homenick-Corkery,false
665,Garrison,209,25/1/2025,802,746,"Mitchell, Marquardt and Jakubowski",false
394,Manitowish,786,10/4/2024,859,719,Vandervort-Batz,false
641,Colorado,643,24/5/2022,724,335,"Nicolas, Rath and Herman",false
929,New Castle,809,10/8/2024,602,602,Hilll-Kuphal,false
133,Carpenter,217,23/10/2023,831,25,Moen-O'Keefe,true
859,Farragut,742,2/12/2024,710,466,Nader-Doyle,true
72,Haas,284,27/8/2023,665,490,Kiehn-Schumm,false
709,Bartelt,303,11/3/2023,850,122,"McKenzie, Wolf and Dicki",false
119,Surrey,43,19/10/2022,881,808,Douglas and Sons,false
440,Mandrake,351,20/5/2023,638,22,Hoppe Inc,false
56,Arapahoe,197,28/6/2026,739,280,Hoppe-Konopelski,false
896,Kim,656,25/6/2026,639,639,"Gusikowski, McCullough and Powlowski",false
975,Susan,516,8/10/2022,867,867,Halvorson-Schimmel,false
709,Stuart,371,15/2/2026,953,500,Schaefer Group,false
145,Birchwood,642,10/10/2023,848,526,Herman-Durgan,false
982,Emmet,895,2/4/2026,779,323,"Mayert, Marks and Dare",false
900,Bashford,209,29/10/2025,966,119,Hessel-D'Amore,true
251,Park Meadow,326,28/8/2022,677,604,"Mohr, Hayes and Schaefer",false
999,Merchant,52,29/3/2024,943,339,"Jenkins, Buckridge and Littel",false
112,Shelley,684,22/7/2025,672,672,"Terry, Gislason and Yost",false
982,Hayes,775,11/2/2023,777,18,"Pouros, Krajcik and Morissette",false
578,Norway Maple,617,27/9/2024,848,589,"Langworth, Denesik and Funk",false
614,Magdeline,254,16/9/2023,674,333,"Little, Murphy and Harber",false
130,Northridge,311,2/5/2024,881,881,Greenholt Group,false
984,Dixon,325,18/6/2023,670,217,Windler and Sons,false
704,Autumn Leaf,970,15/3/2023,945,880,"Friesen, Wolf and Sporer",false
22,Del Mar,682,23/9/2024,543,543,"Block, Volkman and Hauck",false
387,Sauthoff,101,6/11/2025,621,522,Gorczany-Goodwin,false
81,Basil,258,31/8/2023,756,432,Roob-Hills,false
641,Pond,653,3/12/2025,704,653,Hilpert-Romaguera,false
767,Packers,117,22/7/2024,937,124,"Sipes, Mayer and Lesch",false
771,Becker,669,2/7/2026,983,47,"Osinski, Jerde and Nicolas",false
50,Hintze,205,2/8/2023,849,442,"Feest, Williamson and Jacobs",false
554,Dorton,177,18/12/2024,758,155,Fadel-Swaniawski,false
154,Union,904,9/12/2023,780,780,Collier and Sons,false
831,Talmadge,816,29/9/2024,787,408,Franecki-Fisher,false
130,Pond,751,30/9/2024,834,384,"Hegmann, Klocko and Kulas",false
707,Heffernan,284,9/1/2026,920,920,"Konopelski, Spinka and Pfannerstill",false
614,Lillian,721,4/1/2026,586,210,Kihn-Frami,false
812,Susan,604,30/9/2025,672,144,Fisher and Sons,false
614,Fieldstone,495,19/12/2023,541,204,"Simonis, Prohaska and Volkman",false
362,Valley Edge,787,27/6/2024,936,852,Runolfsdottir Group,false
417,Crest Line,507,15/11/2025,947,491,"Mraz, Hermiston and Rogahn",true
127,Oxford,767,14/6/2023,792,792,Stark-Gulgowski,false
627,Reinke,200,27/10/2024,513,513,Nitzsche-Stoltenberg,false
132,Cody,196,11/11/2022,938,77,"Nienow, Prohaska and Crooks",false
309,Monterey,430,4/5/2024,953,499,"Ortiz, Paucek and Herzog",false
950,Moose,270,6/11/2022,783,783,Ledner-Kirlin,false
641,Loftsgordon,740,12/5/2023,790,790,Yundt Group,false
474,Mosinee,784,18/2/2023,967,172,Krajcik and Sons,false
161,Golden Leaf,136,3/8/2025,501,501,Walker Group,false
282,Veith,603,19/6/2022,557,535,Schoen-O'Kon,false
292,Valley Edge,35,19/3/2024,530,530,Kling LLC,false
376,Macpherson,524,3/8/2025,994,409,Steuber-Dickinson,true
672,Monica,431,13/8/2025,641,513,"Spinka, Brekke and Bahringer",false
898,Crowley,921,31/5/2022,980,295,Dickinson-Paucek,false
937,Leroy,677,12/2/2024,954,568,Conn-Goodwin,false
704,Troy,526,21/6/2024,803,287,"Beer, Kuhn and Terry",false
853,4th,17,5/11/2024,636,297,Leannon-Emard,false
853,Helena,859,15/6/2023,527,286,"Huels, Cormier and Mosciski",false
101,Grayhawk,353,29/10/2022,893,67,Murray and Sons,true
781,Lillian,381,2/5/2023,703,562,Kemmer LLC,false
96,Springs,398,14/8/2025,855,639,Bayer-O'Conner,false
292,Sachtjen,277,30/1/2024,624,624,Dickinson and Sons,true
96,Weeping Birch,385,12/5/2026,833,40,Wintheiser and Sons,false
746,Merry,879,3/1/2024,967,866,Braun-Parker,false
896,Arkansas,942,19/9/2023,510,510,"Macejkovic, Osinski and Gutmann",false
427,Barnett,963,1/8/2022,963,39,"Crooks, Mitchell and Sanford",false
394,Mosinee,358,3/9/2024,561,561,Hermann-Fahey,true
201,Bay,996,11/3/2023,824,57,Green-O'Connell,false
929,Bobwhite,110,6/6/2025,942,289,Emmerich Group,false
145,Bultman,596,8/4/2025,848,643,"Abernathy, Nikolaus and Mertz",false
702,Meadow Valley,682,31/7/2022,757,757,Willms-Hessel,false
154,Susan,876,1/1/2026,581,581,Hackett-Johnson,false
218,Westend,689,30/5/2026,629,466,Medhurst-Schneider,false
56,Butternut,773,16/4/2026,996,401,"Brakus, Ebert and Quigley",true
41,Golden Leaf,829,17/1/2024,615,615,"Rutherford, Stanton and Lubowitz",false
201,Barnett,874,19/7/2022,891,891,Hegmann Group,false
771,Garrison,664,2/11/2025,899,253,"Bernier, Kulas and Kertzmann",false
430,Moulton,530,20/10/2022,826,774,"Deckow, Davis and Bartoletti",false
201,Golf View,906,23/5/2024,577,577,Harvey Group,false
251,Meadow Valley,233,28/2/2024,820,423,"Tillman, Moore and Volkman",false
428,Green,38,6/1/2025,957,864,"Swaniawski, Roob and Jacobi",false
853,Truax,101,28/10/2022,994,249,"Feest, Mitchell and Mueller",true
96,Westerfield,399,2/12/2025,809,209,Weissnat LLC,false
112,Melrose,775,21/6/2026,626,626,Hickle Group,false
898,Manitowish,520,17/6/2024,538,407,Frami and Sons,false
22,Canary,349,28/8/2023,787,787,Hoeger Inc,false
282,Columbus,26,2/4/2023,947,429,"Gorczany, Langosh and Green",false
101,Weeping Birch,448,29/8/2025,843,112,"Ziemann, Casper and Botsford",false
653,Eastwood,636,12/5/2023,652,576,"Walter, Aufderhar and Kuhn",false
64,Talisman,844,19/1/2023,909,277,Tremblay-Homenick,false
161,7th,938,10/2/2024,691,445,"Kassulke, Fadel and Langosh",false
133,Dovetail,462,23/6/2025,978,690,"Kozey, Osinski and Weimann",false
63,Washington,896,31/3/2023,748,104,Homenick-Funk,false
817,Loomis,858,26/10/2025,717,244,Schoen-Torp,false
147,Hollow Ridge,122,10/12/2023,652,169,Breitenberg-McKenzie,false
762,Sommers,318,21/4/2023,564,175,Beatty and Sons,false
641,Ryan,895,15/11/2024,576,197,Padberg and Sons,false
218,Coolidge,370,15/3/2026,837,575,Lemke Inc,false
652,3rd,985,25/6/2026,865,792,Nitzsche-Rempel,false
578,Little Fleur,533,6/3/2023,737,22,"Jaskolski, Daugherty and Ritchie",false
277,Coleman,136,14/8/2024,667,115,"Spinka, Donnelly and Cummings",false
982,Muir,373,23/2/2026,838,779,Satterfield and Sons,false
541,Express,694,18/1/2025,531,124,"Rodriguez, Wisozk and Herman",false
831,Cordelia,153,18/1/2025,791,505,Jenkins-Homenick,false
627,Stang,452,14/7/2023,762,581,Lesch LLC,true
501,Anhalt,61,14/11/2024,745,421,"Kreiger, Bode and Wehner",true
865,Carpenter,990,21/3/2025,803,13,Mante-Ryan,false
900,Shoshone,874,20/3/2024,830,760,Hirthe LLC,true
614,4th,259,30/1/2023,947,644,Bogisich-McLaughlin,false
147,Arrowood,452,13/8/2022,575,166,Predovic-Lebsack,true
653,Namekagon,149,16/4/2026,509,251,Willms-Kshlerin,false
64,Moose,485,1/12/2025,928,538,"Nader, Mayert and Nitzsche",false
292,Buhler,588,12/4/2024,708,510,"Ernser, Gerlach and Anderson",false
697,Esker,628,29/7/2022,513,513,Torphy Group,false
898,Kim,89,27/8/2022,859,528,Trantow Inc,true
81,Armistice,158,10/3/2023,995,297,"Dach, Schamberger and Murazik",true
749,Eastwood,209,25/10/2022,608,494,"Nicolas, Schaden and Wilderman",false
614,Warbler,652,18/7/2023,609,356,Stark LLC,false
143,Darwin,951,3/5/2026,913,736,Pfannerstill and Sons,false
501,Clove,670,26/5/2023,667,667,"Wisoky, Kihn and Frami",false
846,Fieldstone,334,2/9/2023,838,530,Keebler Group,false
41,Carioca,622,13/4/2025,787,578,Kassulke and Sons,false
362,Mariners Cove,2,7/11/2022,693,618,D'Amore and Sons,false
707,6th,534,28/9/2022,755,10,Bogan and Sons,false
704,Beilfuss,554,16/9/2024,725,573,Spencer LLC,false
127,Vernon,592,17/12/2022,792,9,Kihn-Nitzsche,false
458,8th,443,2/11/2025,758,485,Kessler-Kiehn,true
127,Hintze,658,12/2/2023,688,241,Kunde LLC,false
218,Shopko,602,29/8/2022,852,833,Hand-Keeling,false
755,Bay,606,9/12/2024,988,898,Moen-Wehner,false
101,Straubel,296,3/3/2023,947,879,Mante and Sons,true
774,Sugar,237,12/9/2025,727,315,Lesch-Kerluke,false
999,Morning,954,8/5/2023,784,784,Pollich Inc,false
713,Arapahoe,833,4/3/2026,895,593,Nicolas LLC,false
896,Transport,775,14/6/2023,637,633,"Marks, Cummerata and Klocko",false
376,Florence,219,25/1/2025,738,334,Veum and Sons,false
781,Pennsylvania,773,13/11/2025,569,486,"Schmeler, Baumbach and Pfeffer",false
394,Grayhawk,299,8/7/2025,582,582,"McKenzie, Trantow and Jaskolski",false
924,Birchwood,354,12/8/2025,800,308,Kassulke and Sons,false
145,Southridge,795,14/2/2025,908,563,Donnelly Inc,false
133,Merchant,6,7/6/2024,740,740,Rodriguez LLC,false
694,Macpherson,506,23/1/2023,584,584,Lakin and Sons,false
22,Oxford,251,31/8/2024,995,168,Schowalter-Bradtke,false
614,Lawn,511,17/5/2025,961,951,Ortiz and Sons,false
417,Grasskamp,579,26/2/2024,656,554,"Towne, Wintheiser and Cruickshank",false
132,Eliot,98,4/9/2022,500,344,"Grady, Fritsch and Marvin",false
127,Eastlawn,277,27/4/2026,617,585,Mosciski-Farrell,false
282,Doe Crossing,203,31/10/2022,715,296,Shields and Sons,false
924,Summer Ridge,131,27/2/2024,895,895,Russel-Dare,false
147,Jana,157,26/3/2026,547,414,"Goldner, Legros and Pouros",true
900,American,818,11/2/2024,519,214,Jenkins and Sons,false
697,Straubel,166,16/7/2025,504,504,"Jakubowski, Bednar and Haley",false
831,Porter,618,11/6/2024,961,93,"Gerlach, Barrows and Kemmer",false
755,Fairview,975,14/1/2024,975,503,Schmeler-Shields,false
350,Hansons,212,19/10/2025,987,471,Zulauf and Sons,false
898,Magdeline,649,1/7/2026,639,162,Farrell-Koch,false
309,Oak Valley,966,3/7/2024,820,251,O'Hara-Schuster,false
41,Forster,495,1/1/2024,754,448,"Runolfsson, Bartell and Mueller",false
493,Arizona,394,27/4/2024,651,365,Watsica-Ziemann,false
491,Eagle Crest,788,14/3/2025,657,657,"Bartoletti, Gerhold and Wintheiser",false
41,Lindbergh,218,22/3/2023,860,688,Stehr and Sons,false
271,Huxley,555,11/5/2024,841,84,Toy Group,false
50,Thackeray,400,22/4/2023,545,545,Hammes Inc,false
614,Pleasure,701,1/1/2023,860,432,Kovacek-Bauch,false
271,Ridge Oak,493,14/6/2024,814,546,Conroy and Sons,false
41,Bluejay,175,8/9/2023,903,164,Price Inc,false
548,Almo,884,9/4/2023,717,717,Stanton-Stark,false
927,Thackeray,281,25/11/2025,671,111,Hayes Inc,false
762,Hovde,517,8/9/2023,609,609,"Ruecker, Herzog and Ledner",false
541,Elka,352,27/11/2023,689,241,Bernhard-Mosciski,false
929,Doe Crossing,336,27/5/2026,831,13,Rosenbaum Inc,false
112,Bunting,430,17/12/2024,550,93,Pfeffer-Gislason,false
548,Hintze,841,11/6/2023,598,40,Hirthe-Lakin,false
578,Roth,515,1/6/2022,867,867,Keebler-Wolf,false
201,Melby,396,13/12/2022,644,326,Altenwerth LLC,false
161,Erie,587,1/8/2022,892,658,Corwin-Franecki,false
975,Old Gate,460,18/12/2023,846,298,"Larkin, Jacobi and Wilderman",false
440,Esker,160,13/8/2025,597,597,Yost-Goodwin,false
432,Banding,279,22/6/2022,792,376,Bauch-Lowe,false
133,Arkansas,103,14/7/2025,909,909,Kiehn-Brakus,false
387,Kedzie,892,9/7/2023,683,369,McGlynn-Wunsch,false
393,Macpherson,217,11/11/2022,551,551,Mertz LLC,true
350,Kings,43,13/6/2022,913,847,Goyette-Murray,false
277,Burrows,967,8/3/2023,818,57,"Kerluke, Tillman and Blanda",false
393,Fairview,962,31/7/2023,771,465,Langworth Group,false
502,Union,288,23/9/2024,736,230,Mohr-Shields,false
982,Cordelia,21,13/3/2025,701,544,Wilderman LLC,false
72,Tony,190,23/12/2025,723,723,Dibbert-Gusikowski,false
370,Dayton,582,29/3/2025,844,85,Leannon-Bednar,false
458,Schurz,935,14/11/2025,944,200,Lubowitz and Sons,false
63,Riverside,278,15/8/2025,970,512,Jast LLC,false
491,Hanson,151,11/3/2026,520,520,Waelchi LLC,false
501,Red Cloud,993,5/5/2024,891,79,Kiehn-Heathcote,false
272,Helena,768,13/2/2026,625,625,Crooks-Barrows,false
771,Independence,294,13/5/2025,833,788,Veum-Glover,false
984,Darwin,457,26/6/2022,870,257,Streich Group,false
64,Bunting,998,2/10/2024,767,611,Bernhard-Klocko,true
846,Golf Course,509,20/4/2023,737,84,Bode-Prosacco,false
127,Truax,219,1/7/2024,606,257,Streich-Bashirian,false
702,Hudson,629,10/9/2022,958,958,Sauer Group,true
702,Vermont,299,3/11/2025,845,732,"Hirthe, Murazik and Littel",false
767,Judy,999,30/5/2025,720,439,Hills and Sons,false
898,Evergreen,455,26/11/2025,585,585,"Quigley, Gerlach and Prohaska",false
130,Lighthouse Bay,173,21/4/2024,677,170,"Bergstrom, Koch and Rolfson",true
366,Montana,626,23/12/2025,956,901,"Walter, Wiegand and Johnson",true
652,Bay,254,31/1/2026,509,509,"Bode, Fisher and Greenholt",false
704,Goodland,197,12/7/2023,685,637,Torp and Sons,false
537,Havey,587,22/4/2024,846,95,Thiel Group,false
41,Stephen,30,22/6/2023,748,32,"Dickinson, Vandervort and Schumm",false
271,Buell,467,6/10/2024,546,86,Kemmer-Schamberger,false
376,Buhler,217,18/9/2022,798,456,Kunze LLC,false
440,Westport,882,26/10/2024,847,159,Hilll-Rosenbaum,false
548,Towne,379,28/11/2023,919,564,Wisozk-Reynolds,false
653,Redwing,789,3/10/2025,503,503,"Wintheiser, Leffler and Wolff",true
975,Dovetail,870,5/5/2025,701,198,"VonRueden, Stiedemann and Mann",false
132,Fair Oaks,753,31/5/2023,912,642,Tillman-Dicki,false
370,Reindahl,52,14/3/2024,545,545,Konopelski-Terry,false
984,Swallow,327,2/4/2024,913,50,"Conroy, Wuckert and Ratke",false
647,Melrose,875,11/12/2022,791,762,"Treutel, Beatty and Strosin",false
427,Rusk,389,12/11/2023,824,824,Ratke and Sons,false
154,Toban,989,4/6/2026,682,682,Mante-McGlynn,false
81,Springs,163,24/10/2025,889,565,"Farrell, Kemmer and Lueilwitz",false
767,Knutson,93,28/3/2024,828,828,Howell-Smith,false
865,Caliangt,597,20/11/2025,758,448,Leannon Group,false
749,Lake View,802,8/1/2024,823,49,Bogan Inc,true
950,Buhler,889,18/9/2023,626,626,"Upton, Greenholt and Zulauf",false
984,Bluestem,528,25/10/2022,901,107,"Heaney, Raynor and Abshire",false
309,Superior,733,28/1/2023,937,846,"Jacobson, Langosh and Predovic",false
501,Kedzie,667,5/1/2024,680,680,"Schmeler, Grady and Moore",false
474,Harbort,227,9/5/2026,545,115,Deckow Group,true
143,Boyd,917,1/2/2026,717,218,"Schimmel, Jast and Kulas",false
440,Bartelt,192,26/7/2022,728,728,Pouros-Keeling,false
39,Jenifer,685,15/7/2023,568,568,"Flatley, Simonis and Dickens",false
614,Norway Maple,655,6/6/2026,896,790,Hyatt Group,false
694,Valley Edge,387,17/12/2022,616,569,Nitzsche Group,false
652,Fairfield,243,28/11/2024,683,683,Gleason Inc,false
697,Utah,205,5/8/2025,559,559,Roob-Fahey,false
409,Mcguire,747,16/3/2025,662,430,Reinger and Sons,true
271,Dorton,329,20/7/2025,872,384,O'Kon-Stoltenberg,false
72,Buena Vista,585,27/8/2025,751,694,Abbott Inc,false
323,Colorado,989,17/1/2024,964,355,Ritchie-Kessler,false
352,Park Meadow,920,9/8/2024,534,385,"Halvorson, Schaden and Mayer",false
112,Stephen,789,19/2/2023,952,952,"Pacocha, Cummings and Rolfson",false
72,Dorton,721,6/7/2022,783,124,Beahan Inc,false
133,Bluejay,114,30/3/2026,588,588,Doyle-Paucek,false
132,Mifflin,425,26/8/2022,698,202,Mosciski-Abernathy,false
537,Merrick,237,1/10/2022,696,696,"Dickinson, Beahan and Hessel",false
812,Canary,456,10/6/2026,932,553,Schimmel-Luettgen,false
432,Florence,350,3/4/2026,736,656,Schaefer Group,false
387,Mayer,525,11/9/2023,628,387,Bosco LLC,false
774,Summer Ridge,645,29/12/2025,519,467,Moore-Sipes,false
387,Northfield,25,13/5/2023,811,577,Ritchie-Koch,false
653,Clyde Gallagher,744,24/5/2024,546,53,Bayer-McClure,false
502,Ruskin,329,2/5/2026,945,144,"Goodwin, Dietrich and Wyman",false
749,La Follette,998,22/4/2025,504,504,Parker LLC,false
537,Hallows,818,25/9/2022,636,636,Pacocha-McDermott,false
491,Michigan,762,23/7/2022,507,507,"MacGyver, Durgan and Zieme",false
900,Fair Oaks,129,15/12/2024,632,564,"Cartwright, O'Keefe and Christiansen",false
672,Northport,718,31/1/2026,876,413,Trantow-Spencer,false
96,Holy Cross,186,3/4/2023,956,945,Gulgowski-Jenkins,false
548,Loeprich,563,2/10/2022,535,50,Lueilwitz LLC,false
72,Fairfield,343,20/5/2023,994,841,"Strosin, Flatley and Brakus",false
81,Arapahoe,66,26/8/2024,695,534,Paucek-Kris,true
271,East,717,7/1/2024,508,508,"Littel, Kihn and Pfeffer",false
937,Summer Ridge,667,10/5/2023,932,101,MacGyver Group,false
627,Armistice,118,23/10/2024,653,243,Botsford and Sons,true
81,Melody,635,11/6/2022,683,495,"Lemke, Feil and Dooley",false
762,Sage,945,8/6/2023,760,285,Ortiz-Moen,false
63,Dayton,223,13/5/2023,568,314,"Boyle, Gulgowski and Parisian",false
896,Tomscot,97,6/11/2023,994,937,Carter Group,false
22,Farmco,787,22/4/2026,581,571,Johns and Sons,false
309,Summer Ridge,26,22/4/2025,926,588,"Toy, Leffler and Borer",false
64,Debs,615,1/11/2024,502,502,Lesch Group,false
831,Bay,255,3/5/2023,863,863,"Kuphal, Smith and Crist",false
924,Holy Cross,90,10/7/2025,954,24,"Gusikowski, Harber and Walsh",false
350,Truax,441,7/3/2026,800,42,"Ziemann, Zemlak and Wintheiser",false
896,Dawn,934,20/10/2023,768,767,"Runolfsson, Renner and Daugherty",false
704,Alpine,557,4/8/2025,621,621,Hettinger-Pouros,false
387,Sunbrook,641,15/9/2023,869,797,"Hills, Paucek and Herman",false
614,Merrick,576,21/1/2024,606,479,Ankunding LLC,false
430,American,838,31/5/2022,725,670,Schuppe-Stark,false
132,Manitowish,701,29/7/2024,843,457,Hahn Group,false
746,Ruskin,162,4/4/2023,528,132,Dicki-Fadel,false
924,West,972,17/4/2026,661,348,Brekke-Senger,false
427,Muir,818,31/1/2025,582,582,Rowe Group,false
394,Buell,132,24/10/2022,791,791,Tremblay-Christiansen,false
218,Browning,395,20/5/2026,506,506,Strosin-Hamill,true
493,Lotheville,38,2/3/2026,745,138,Reinger-Bernhard,false
41,Moulton,12,17/1/2026,955,351,Ortiz Inc,false
900,Holy Cross,414,20/7/2022,838,455,Ernser-Huels,false
767,Chinook,240,28/12/2023,571,571,"McGlynn, Yundt and O'Conner",false
641,Lunder,741,6/3/2024,579,579,"Ondricka, Kulas and Koss",false
96,Gale,167,29/9/2022,772,588,"Sporer, Leannon and Rutherford",false
362,Huxley,801,19/2/2023,830,387,"Kuhlman, Dicki and Strosin",false
984,Merry,799,2/4/2023,867,167,"Dickinson, Rempel and Walker",false
323,Randy,500,7/1/2023,769,769,Harvey Group,true
927,Johnson,17,28/12/2023,520,520,Boehm-Padberg,false
975,Chive,780,19/6/2022,546,302,Pacocha Group,true
119,Holmberg,755,30/1/2026,814,170,Hahn-Kerluke,false
924,Blackbird,226,27/6/2025,897,144,Abernathy LLC,true
145,Mosinee,86,22/7/2023,934,728,"Erdman, Reinger and Schiller",false
309,Clove,409,6/9/2022,901,605,Aufderhar and Sons,false
975,Blue Bill Park,818,27/11/2024,655,655,"O'Kon, Renner and Lockman",false
352,Ryan,890,18/3/2023,584,233,Donnelly-Dietrich,true
323,Fairfield,831,9/1/2026,811,579,"Feest, Deckow and McGlynn",false
56,Old Shore,469,17/9/2023,693,424,Littel-Weissnat,false
999,Chinook,670,15/3/2023,839,446,Jast Group,false
491,Blue Bill Park,153,15/5/2024,706,192,Kshlerin-Lehner,false
430,Thackeray,196,9/1/2026,653,94,Huels LLC,false
147,Longview,809,20/5/2023,657,657,"Monahan, DuBuque and Hane",false
578,Stoughton,326,19/9/2025,943,233,Dare Group,false
387,Farragut,317,23/11/2025,589,280,"Herzog, White and Torp",true
432,Golf View,225,10/3/2025,923,887,Ebert-Feeney,true
898,Arapahoe,305,12/7/2024,682,34,Jones LLC,false
898,Buell,708,7/11/2025,845,234,"Cremin, Gibson and Crona",false
697,Garrison,764,12/5/2025,620,352,"Marvin, Heidenreich and Schimmel",false
366,Eliot,333,26/11/2025,971,729,Gislason and Sons,true
393,Summerview,416,26/11/2023,756,576,"Macejkovic, Gerhold and McDermott",false
924,Bunker Hill,459,15/6/2026,529,429,Bergstrom and Sons,false
201,Roth,357,12/2/2026,505,505,Durgan Group,false
984,Namekagon,920,4/8/2022,577,577,"Balistreri, Quigley and Bruen",false
81,Jay,955,28/3/2026,878,649,Gerhold and Sons,false
502,Hazelcrest,468,10/1/2024,881,70,Ziemann Inc,false
702,Golden Leaf,149,19/8/2022,916,414,"Nicolas, Haag and Moen",false
145,3rd,731,18/1/2024,915,85,Fahey-Schneider,false
900,Fulton,946,15/9/2024,717,329,Krajcik-Carter,false
755,Cardinal,97,15/12/2024,630,361,Hamill-Runolfsson,false
127,Havey,647,7/6/2026,909,605,Crooks Inc,false
132,Jana,445,28/5/2026,781,549,"Terry, Dibbert and Price",false
366,Brown,727,24/1/2026,805,380,"Ortiz, Buckridge and Boyer",true
201,Armistice,635,26/7/2022,680,680,Bednar-Lakin,false
96,Pawling,962,6/6/2022,996,727,Corwin-Jerde,false
859,Fulton,777,1/2/2024,630,630,Fritsch and Sons,false
704,Melody,836,29/3/2023,701,395,Langosh Group,false
831,Basil,612,20/3/2025,777,214,Schmeler and Sons,false
771,Independence,209,14/4/2023,781,201,"Dach, Dibbert and Buckridge",false
458,Sugar,213,18/8/2022,787,754,Steuber-Moore,false
201,4th,882,6/1/2025,621,485,"Murray, Pouros and Abbott",false
694,Sunbrook,454,23/9/2022,972,238,Price-Legros,false
709,Bunting,821,6/12/2024,968,595,Kuvalis LLC,false
554,Jay,655,12/12/2024,847,572,Bosco-Cremin,false
145,Chinook,759,18/11/2025,841,841,"Monahan, Dare and Kovacek",false
393,Gateway,221,10/4/2026,559,512,Streich-Runolfsson,false
201,Crest Line,358,19/7/2024,873,285,Howell-Borer,false
154,Hollow Ridge,190,19/11/2025,691,421,Jones-Emmerich,false
614,Pepper Wood,569,25/10/2025,558,434,Dickens-Larson,false
432,Holmberg,619,15/2/2024,827,191,Ondricka Inc,false
366,Elmside,106,24/4/2024,539,539,"Lebsack, Powlowski and Ziemann",false
143,Mosinee,892,1/12/2025,864,0,Leannon-Funk,false
362,Oriole,501,12/9/2025,754,25,Beer-Waelchi,false
653,Vera,862,25/2/2025,840,705,Reichert Group,true
755,Cherokee,792,26/8/2025,813,189,Dibbert-Osinski,false
132,Farwell,420,29/12/2022,788,351,"Bergstrom, Schneider and Barton",false
39,Eagan,749,8/2/2025,560,507,Baumbach-Corkery,false
937,Hansons,755,12/12/2024,791,791,"Bartell, Christiansen and Ernser",false
350,Division,509,12/12/2023,933,269,Anderson and Sons,false
937,Pearson,719,18/4/2026,767,219,"Veum, Berge and Dooley",false
101,Golf Course,114,25/4/2026,796,796,King-Padberg,false
350,Lakewood Gardens,596,11/9/2025,669,253,Jakubowski-Haag,false
282,Harper,135,16/3/2024,807,807,Waelchi-Ullrich,false
81,Schiller,177,23/5/2023,794,587,Simonis Group,false
502,Laurel,502,24/6/2023,551,551,"Bartell, Wyman and Olson",false
493,Pond,771,9/6/2025,878,314,Daniel Group,false
709,Red Cloud,45,18/11/2023,510,425,Kassulke LLC,true
432,Jackson,152,3/12/2025,647,62,Kuphal-Leuschke,false
641,Crescent Oaks,776,19/3/2023,934,375,Schumm-Hettinger,false
704,Cody,538,6/7/2022,648,546,Pouros-Spinka,false
362,Judy,668,12/4/2023,705,194,"Schmitt, Hessel and Rowe",false
774,Dexter,457,4/6/2024,719,719,"Abernathy, Pfannerstill and Johnson",false
984,Crescent Oaks,927,17/6/2023,785,596,Walker Group,false
147,Sachs,470,26/6/2024,719,719,McGlynn-Schneider,false
900,Mosinee,466,20/8/2023,646,646,O'Conner Inc,false
112,Fallview,431,17/11/2023,552,552,Huel and Sons,false
707,Schiller,196,5/11/2023,931,726,Yundt LLC,false
647,Merchant,600,2/2/2025,809,305,Schmitt-Harvey,false
694,Lakeland,358,7/7/2026,721,57,Schinner and Sons,false
427,Eagan,46,9/8/2022,625,449,Block-Lubowitz,false
362,Union,579,24/8/2025,929,425,"Nienow, Dickinson and Kilback",false
900,Westerfield,618,13/10/2023,820,681,Connelly-Moore,false
130,Kropf,338,2/2/2024,566,427,Larkin-Mann,false
859,Lukken,90,10/8/2025,930,504,"Lebsack, Schmeler and Upton",false
56,Stephen,210,23/12/2025,764,764,Purdy-Macejkovic,false
767,Mitchell,604,28/10/2025,871,564,Wiza Inc,false
417,Vidon,447,20/5/2022,847,811,Koss LLC,false
39,Ramsey,984,29/3/2025,649,649,Herman-Hauck,false
502,Milwaukee,581,25/11/2022,681,215,Schneider and Sons,true
501,Pennsylvania,747,30/9/2024,969,705,"Anderson, Bartell and Nolan",false
145,Fulton,260,14/6/2022,972,356,Heidenreich Group,false
924,Goodland,667,27/1/2026,649,649,Kunde Group,true
975,Clove,209,4/1/2023,535,395,Huels-Becker,false
427,Dahle,629,25/2/2024,505,505,Durgan and Sons,false
817,Mandrake,654,8/10/2022,830,184,"Bruen, Dooley and Hirthe",false
975,Roxbury,328,8/1/2026,836,0,Koepp-Hayes,true
924,Coolidge,248,24/8/2022,903,310,"Bogan, Herman and Erdman",false
665,Village,570,8/6/2022,860,763,Hoeger-Schmeler,false
161,Northwestern,682,12/7/2022,676,131,"Price, White and Wilderman",false
537,Moose,259,8/8/2022,651,506,"Mante, Hodkiewicz and Wunsch",false
627,Graceland,738,3/6/2024,961,574,Lind LLC,false
548,Starling,380,23/8/2025,628,99,Kshlerin LLC,false
133,Fordem,947,13/9/2024,633,436,Beatty-Prohaska,false
578,Derek,184,10/8/2022,772,428,"Herman, Stamm and Goyette",false
999,Golf View,329,10/5/2024,842,80,Goyette-Blanda,false
201,Dayton,74,15/1/2024,793,674,Prosacco Inc,false
846,Amoth,847,27/2/2024,840,248,Gutmann-Rutherford,false
665,Ridge Oak,757,6/1/2023,515,515,Hane and Sons,false
409,Merrick,500,28/3/2025,939,719,"Towne, Aufderhar and McDermott",false
50,Heath,69,12/4/2026,927,233,Schroeder Inc,false
709,Pennsylvania,83,27/5/2022,527,127,Bartoletti-Hettinger,false
927,Prentice,14,15/10/2022,881,859,Rogahn-Beahan,false
493,Londonderry,289,1/5/2026,569,569,"Treutel, Senger and Streich",false
554,Warrior,601,2/7/2022,766,247,Rodriguez LLC,false
127,Amoth,982,10/2/2025,643,54,"Lubowitz, Schaefer and Ritchie",false
366,Fremont,487,9/8/2023,741,741,Purdy LLC,false
96,Bayside,284,8/8/2023,836,456,Lang and Sons,true
537,David,577,22/10/2024,1000,784,Kris-Erdman,true
130,West,221,22/5/2022,792,126,"Reilly, Beatty and Daniel",false
145,Dakota,897,13/3/2026,691,533,Carroll Inc,false
859,Oak Valley,493,5/1/2024,779,92,King-Feest,false
63,Esch,120,15/3/2026,622,622,Sawayn-Herzog,false
652,Meadow Ridge,562,24/4/2024,552,552,"Morissette, Leffler and Kub",false
145,Cardinal,238,6/6/2026,806,354,"McCullough, Abbott and Hackett",false
641,Florence,245,22/12/2023,536,536,Johnson-Marvin,false
150,Manley,793,3/7/2023,956,693,Volkman Inc,false
665,Sycamore,994,12/9/2025,831,619,"Yundt, Bednar and Schowalter",false
332,Cambridge,521,29/1/2025,760,563,Murray and Sons,false
694,Kensington,521,16/9/2024,857,857,Bins Inc,false
362,Ramsey,959,11/5/2024,899,741,Hansen and Sons,false
927,Truax,166,10/7/2023,935,114,"Cassin, Bailey and Oberbrunner",false
41,Monument,254,14/3/2024,582,578,Labadie and Sons,false
665,American,214,17/9/2022,786,354,Casper-Pollich,false
201,Oak,523,12/2/2024,894,824,"McKenzie, Swift and Carter",false
709,Acker,564,10/8/2025,898,290,O'Hara-Baumbach,false
502,Bellgrove,672,21/6/2025,803,803,Bailey Inc,false
150,Summer Ridge,230,22/8/2023,625,405,"Nienow, Hills and Turcotte",false
432,Evergreen,924,27/7/2024,990,47,Doyle Group,false
292,Buena Vista,393,1/7/2025,881,283,Goldner-Kirlin,false
767,Farragut,114,29/7/2024,882,126,Casper-Mann,false
774,Bellgrove,527,7/6/2026,501,207,Quitzon and Sons,true
474,Village Green,965,6/5/2026,776,776,"Kerluke, Tremblay and Bednar",false
350,Oxford,162,26/7/2022,830,560,"Padberg, Skiles and Mraz",false
652,Riverside,122,2/2/2024,964,593,Parisian Inc,false
614,Katie,583,30/8/2022,940,218,Abernathy Inc,true
362,Hermina,327,20/2/2024,674,227,Nikolaus and Sons,false
218,Loftsgordon,871,31/12/2023,936,936,Bauch LLC,false
282,Westport,973,27/8/2025,726,726,Spencer Group,false
767,Bashford,912,6/7/2026,689,193,Balistreri-Gleichner,false
859,Brown,375,30/5/2025,997,130,"Jast, Koelpin and Hessel",true
647,Weeping Birch,318,12/7/2023,513,513,Champlin Group,false
277,Lerdahl,85,5/10/2023,641,71,"Harris, Dach and Dietrich",false
501,Warrior,435,30/11/2022,881,350,"Grimes, Abshire and Larkin",false
707,Golf View,275,7/12/2024,544,544,Lehner-Nicolas,false
846,Mcbride,374,25/12/2022,771,407,"Hodkiewicz, Luettgen and Heaney",false
653,Dawn,742,22/7/2024,885,885,Jones Group,false
133,Meadow Vale,745,11/4/2026,746,576,"Yost, Schmeler and Labadie",false
896,Dapin,909,5/12/2025,503,503,Schmeler and Sons,false
927,Evergreen,645,18/1/2023,781,654,Fadel-Predovic,true
984,Lyons,961,24/11/2025,900,706,Bahringer LLC,false
143,Prairie Rose,818,27/8/2025,773,245,Hammes Group,false
709,Upham,854,4/3/2024,943,400,"Bednar, Bauch and Thiel",true
352,Bay,114,23/11/2025,549,505,Durgan and Sons,false
896,Caliangt,622,5/10/2022,923,535,Streich-Wintheiser,true
491,Scofield,943,6/10/2022,950,582,Halvorson-Hagenes,true
900,Kipling,894,23/5/2023,944,681,Kling and Sons,false
432,Bellgrove,791,19/2/2023,598,598,"Daniel, Schuppe and Cole",false
975,Lunder,263,12/8/2022,949,358,Hartmann-Dickens,false
56,Dakota,662,23/1/2025,735,496,Grimes Group,false
924,Hazelcrest,74,8/2/2025,615,505,"Spinka, Anderson and Jerde",false
101,Artisan,891,27/4/2026,725,608,Champlin and Sons,true
96,Coolidge,623,2/6/2022,664,567,"Mosciski, Greenfelder and Reynolds",false
713,Clarendon,775,15/6/2022,980,437,Schroeder and Sons,true
702,Lindbergh,872,28/3/2023,803,53,Bashirian-Stamm,false
393,Tennessee,665,8/5/2025,850,310,"Schimmel, Ortiz and Ebert",false
694,Eastwood,379,21/8/2024,513,394,"Dare, Dach and Waters",false
774,Comanche,384,15/4/2025,738,194,"Strosin, Swift and Goodwin",false
282,Buell,939,12/8/2022,549,38,Spencer and Sons,false
409,Dixon,380,25/6/2024,575,575,Muller Inc,false
394,Riverside,111,8/11/2025,632,200,Cronin-Watsica,false
652,Clarendon,745,26/7/2023,866,234,Bednar LLC,false
393,Glendale,698,13/9/2024,535,535,Littel-Mraz,false
713,Blue Bill Park,119,1/7/2025,966,172,"Nicolas, Harris and Jerde",false
709,Alpine,184,13/11/2024,582,342,"Tillman, Bartell and Predovic",false
81,Chive,516,14/7/2026,553,553,Moen Inc,false
762,Mifflin,557,28/4/2024,646,240,"Gerlach, Murray and O'Reilly",false
846,Orin,866,2/6/2026,688,275,Leuschke LLC,false
