host_id,c_name,price,c_date,nb_seat,c_cause,v_need,nb_participant
376,Badeau,107,15/4/2022,591,Kshlerin-Gislason,false,538
502,Fordem,40,14/8/2022,301,Reynolds Inc,false,245
984,Bobwhite,102,30/6/2021,655,Murazik-Mann,true,194
929,Waubesa,101,16/1/2022,731,Krajcik-Rosenbaum,false,501
362,Petterle,12,27/3/2022,947,Lang Inc,false,430
817,Russell,248,5/8/2021,582,Bahringer-Hansen,false,30
713,Morningstar,61,14/2/2022,325,"Ortiz, Dicki and Dickens",false,96
292,Nelson,191,2/12/2021,416,Christiansen-Runolfsson,false,416
896,Service,50,27/4/2022,310,"Lebsack, Bechtelar and Lakin",false,310
22,Laurel,182,11/7/2021,935,Denesik-O'Kon,false,746
501,Jenna,86,17/4/2022,586,Becker-Waelchi,false,586
133,Scott,155,26/2/2023,996,"Jacobson, Considine and O'Kon",false,831
859,Prairie Rose,132,21/6/2021,484,Hegmann LLC,false,176
898,Buhler,148,27/9/2021,364,"Jones, Upton and Kris",false,364
665,Namekagon,211,18/1/2023,686,Kuphal-Heaney,false,686
50,Milwaukee,131,13/11/2021,376,"Schamberger, Mills and Shanahan",false,332
755,Main,57,7/8/2021,822,Kovacek-Thompson,false,639
898,Fieldstone,248,20/3/2022,207,Greenfelder-Lemke,false,144
537,Declaration,242,17/7/2021,359,Hilll-Wiza,false,359
924,Glendale,18,4/10/2022,851,Cronin LLC,false,28
501,Veith,132,11/1/2023,358,Harber Group,false,358
817,Sundown,169,20/12/2022,987,Zemlak-Haley,false,757
702,Trailsway,161,12/1/2022,396,Greenholt Group,false,396
537,Monica,41,24/4/2022,434,Walsh LLC,true,199
428,Pankratz,20,2/12/2022,389,Dach LLC,false,389
713,Doe Crossing,197,29/3/2022,442,Lockman LLC,false,62
277,Eagle Crest,65,27/10/2022,356,Okuneva Group,true,344
132,Waywood,140,11/3/2022,531,Feeney and Sons,false,531
755,Welch,112,13/11/2021,205,Schulist-Stark,false,205
150,Glendale,25,1/11/2021,225,Dickens Inc,false,225
161,Spenser,184,31/3/2022,909,McLaughlin-Shields,false,892
350,Shelley,245,21/3/2022,252,Hoeger Inc,false,6
119,Artisan,94,25/7/2021,981,Dicki Inc,false,220
154,Scott,209,2/9/2021,861,Morar-Mitchell,false,580
132,Graedel,9,15/9/2021,414,Hoeger-Mayert,false,414
652,Warner,54,26/7/2021,847,Abernathy LLC,false,319
767,Mendota,194,3/3/2023,703,Grant-Kutch,true,32
362,Derek,64,22/5/2021,511,Steuber-Gutmann,false,511
161,Glendale,113,25/1/2023,968,Quitzon Group,false,487
417,Fair Oaks,189,18/4/2022,325,Price and Sons,false,264
147,Burning Wood,92,21/4/2023,929,Hammes and Sons,false,499
999,Algoma,37,27/8/2021,615,"Hills, Hauck and Rogahn",false,500
746,Susan,25,17/6/2022,812,Purdy-Blanda,false,347
427,Butterfield,219,27/6/2021,948,Friesen Group,false,47
119,Rigney,172,3/2/2022,435,Gislason-Schinner,false,435
440,Kropf,250,27/5/2021,677,"Maggio, Weber and Heidenreich",true,657
771,Blaine,212,23/7/2022,749,Weimann LLC,false,426
749,Main,141,16/5/2023,456,Hayes Group,false,456
417,American,203,28/6/2021,893,Langosh-Treutel,false,805
774,7th,166,1/8/2022,302,"Schmeler, Connelly and Volkman",false,302
432,Petterle,233,28/6/2021,893,Conroy-Veum,false,381
474,Monument,178,15/12/2021,672,"Hintz, Leffler and Schiller",false,625
817,Lerdahl,89,3/8/2022,766,Buckridge-Donnelly,false,247
277,Larry,103,1/3/2022,203,Swift-Brekke,false,203
362,Meadow Valley,212,23/3/2023,829,Goldner LLC,false,517
147,Pierstorff,196,17/9/2021,458,Tillman Group,false,262
352,Monument,130,31/5/2021,219,Kemmer-Armstrong,false,219
432,Comanche,145,1/8/2021,795,Weissnat-Turner,false,465
704,Burrows,115,5/3/2022,406,Boyle LLC,true,299
394,Lawn,62,29/4/2023,697,"Kris, Kiehn and Koss",false,522
774,Stuart,34,1/11/2022,361,Moore and Sons,false,129
502,Loftsgordon,245,6/8/2021,303,Bogisich LLC,false,303
929,Barnett,52,12/11/2022,927,Gottlieb and Sons,false,63
350,Clemons,137,1/10/2021,885,"Daugherty, Hamill and Ullrich",false,43
119,Coolidge,95,20/1/2023,933,"Mraz, Hackett and MacGyver",false,604
762,Prentice,225,13/1/2022,486,Pagac Group,false,444
749,Memorial,213,21/4/2023,739,Gorczany-Swaniawski,false,57
393,Forest Run,196,31/10/2021,993,Mitchell-Botsford,false,389
707,David,133,22/1/2023,382,"Feest, Strosin and Okuneva",false,382
898,Ridgeview,225,25/3/2022,454,Reinger-Legros,false,454
430,Katie,233,21/6/2022,580,Luettgen LLC,false,580
898,Rockefeller,100,25/5/2022,661,"Dare, Farrell and Dibbert",false,272
937,Thompson,83,22/4/2023,596,Reilly-Robel,false,69
537,Ryan,53,21/4/2023,905,Keeling LLC,false,293
218,Tony,197,13/2/2022,797,Conroy and Sons,false,797
707,Moulton,99,24/10/2021,880,Bernier LLC,false,470
652,Del Sol,157,13/2/2023,300,Boyer Inc,false,218
627,Pearson,249,12/3/2022,749,"Emmerich, O'Conner and Welch",false,154
474,Maywood,245,29/8/2021,367,Block Inc,false,358
22,Towne,11,19/10/2022,975,Torphy and Sons,false,417
781,Warner,49,29/6/2021,574,Kovacek Inc,false,58
641,Shoshone,75,29/12/2021,665,Walsh-Mitchell,false,665
282,Artisan,94,3/4/2022,976,Schaefer-Gorczany,false,39
896,Lakewood,236,12/11/2021,388,Mueller LLC,false,388
672,Drewry,149,9/10/2022,751,"Oberbrunner, Kling and Jacobs",false,625
713,Oakridge,132,13/9/2021,433,Kiehn Inc,false,433
366,Lotheville,69,3/6/2021,898,Gleason-Halvorson,true,351
937,Main,132,13/10/2022,365,Hettinger and Sons,false,63
491,Morning,3,8/2/2023,213,MacGyver-Kutch,false,213
950,Karstens,185,31/5/2021,870,Nolan Group,false,793
201,Union,187,22/11/2021,433,"Ratke, Baumbach and Beahan",false,68
762,Michigan,224,15/8/2022,630,Padberg-Koss,false,630
846,Burning Wood,153,27/3/2023,674,"Stark, Flatley and Weber",false,19
143,Clove,25,16/12/2021,488,"Funk, Gusikowski and Koch",true,347
975,Graceland,201,23/8/2022,889,Christiansen-Quitzon,false,732
548,John Wall,188,23/7/2021,684,Romaguera Group,false,684
161,Summit,96,25/9/2022,268,Walsh-Hauck,false,104
694,Sunfield,87,23/5/2021,560,"Turner, Leuschke and Borer",false,560
251,Nova,123,20/4/2023,883,"Kuphal, Morar and Hahn",false,250
704,Memorial,149,16/6/2022,810,Rau and Sons,false,810
96,Bayside,23,14/12/2022,868,"Davis, Metz and Steuber",false,704
694,Farmco,6,13/11/2021,334,Schroeder Inc,false,334
458,Longview,172,21/5/2022,878,Lehner-Schuster,true,273
430,Dakota,190,3/8/2021,801,"Mueller, Hermiston and Jacobs",false,83
702,Pleasure,194,31/5/2021,978,Hegmann-Raynor,false,947
132,Michigan,246,21/2/2022,309,"Turcotte, Berge and Gusikowski",false,23
831,Service,130,24/6/2022,948,"Huels, Gislason and Ankunding",false,939
502,Karstens,96,21/1/2022,796,Nienow Group,false,91
292,Starling,18,17/10/2022,613,Schuppe-Cummings,false,307
39,Mosinee,174,26/1/2023,463,Johnson Group,false,445
417,Carpenter,5,18/6/2021,633,"Weissnat, Will and Kulas",false,198
309,Hoard,170,23/4/2023,517,Barrows Group,false,294
292,Pearson,197,4/12/2022,689,Kuphal-Carroll,true,162
112,Starling,80,5/6/2021,423,"Waters, Kozey and Prohaska",false,45
641,Farragut,174,21/5/2022,731,"Waters, Considine and Kirlin",false,137
427,Sherman,102,14/6/2022,891,"O'Hara, Kilback and Metz",false,427
332,Larry,143,3/1/2023,608,"Rohan, Sporer and Adams",false,180
277,Leroy,116,15/9/2021,345,Schroeder Group,false,345
309,Fallview,13,16/9/2022,533,"Runolfsson, Hermann and Runte",false,53
323,Russell,239,9/6/2022,483,Senger Group,false,483
22,Banding,107,16/11/2021,558,Thiel Inc,false,558
352,Farwell,122,11/1/2022,592,Glover Group,false,364
647,Cherokee,82,4/7/2021,515,"Mayert, Jacobi and Daugherty",false,342
762,Hudson,228,27/11/2022,664,Hettinger-Ratke,false,259
713,Mayfield,113,27/2/2023,564,Pouros-Wiegand,false,405
817,Ridge Oak,118,30/8/2022,845,Lakin-Casper,false,215
865,Badeau,111,15/5/2023,238,"Mante, Steuber and Hagenes",false,238
548,Village Green,203,12/8/2021,948,Kunde-Spinka,false,71
133,Amoth,58,21/4/2023,651,Bartell and Sons,false,651
896,Meadow Ridge,131,5/9/2022,530,Abbott and Sons,false,365
762,Carey,174,15/2/2023,640,Pouros Inc,false,476
771,Kingsford,60,12/8/2022,255,"Howe, Rosenbaum and Quitzon",false,255
132,Lakeland,41,17/2/2023,798,"Kuhlman, Barrows and Mitchell",true,798
694,Novick,108,11/11/2021,804,"Kshlerin, Wiza and Tremblay",false,423
352,Randy,104,28/6/2021,656,"Bartell, Ward and Cruickshank",false,546
937,Anniversary,218,7/7/2022,821,Cartwright and Sons,false,755
130,Anzinger,160,13/6/2021,804,Hayes-Breitenberg,false,566
376,Dixon,103,20/4/2023,968,"White, Daugherty and Rowe",false,355
665,Pierstorff,111,29/9/2022,788,Crist LLC,false,788
474,Dovetail,216,21/6/2021,680,Runolfsdottir-Friesen,false,157
767,Montana,41,21/10/2021,525,Ankunding-Haley,false,377
929,Fieldstone,106,9/6/2022,500,Harber-Adams,false,500
755,Ohio,4,30/3/2022,801,Gerhold-Hackett,false,795
641,Vernon,154,15/12/2021,334,King LLC,false,334
501,Lien,129,25/7/2021,599,"Dach, Grady and Strosin",false,599
154,Jenna,56,23/6/2022,662,Von-Runolfsdottir,false,506
96,Graedel,134,14/11/2022,869,Jacobs-Bahringer,false,385
898,Toban,66,14/4/2023,523,Conn Group,false,377
647,Shoshone,90,13/10/2022,346,Buckridge-Sawayn,false,346
362,Emmet,119,16/11/2022,377,"Hegmann, Runolfsson and Cronin",false,377
749,Lien,246,10/8/2021,645,"Thiel, Bernhard and Hagenes",false,645
130,Thierer,87,18/3/2023,886,Mills Inc,false,886
366,Randy,56,17/5/2023,953,"Beahan, Christiansen and Connelly",false,32
292,Armistice,221,14/7/2022,252,"Abshire, Gleason and Kautzer",false,252
147,Alpine,217,10/3/2023,605,Kozey LLC,false,605
428,Susan,235,1/2/2022,384,"Hermiston, O'Reilly and Collins",false,384
653,Schmedeman,15,11/2/2023,289,"Lindgren, Borer and Renner",false,289
924,Thackeray,70,6/2/2022,626,"Wyman, Yost and Altenwerth",false,492
578,Granby,195,8/4/2023,876,Zemlak-Feil,false,453
292,Mallory,20,6/3/2023,795,Miller-Abernathy,false,789
652,Bowman,66,25/9/2021,448,Schoen-Ebert,false,87
22,Bayside,58,25/12/2021,277,Ziemann LLC,false,277
150,Fuller,113,21/3/2023,516,Kunde Inc,false,516
332,High Crossing,76,7/9/2021,564,Schoen-Bahringer,false,67
704,Kropf,102,14/2/2023,288,"Haley, Hartmann and Murazik",false,288
150,Crowley,87,2/3/2023,796,"Swift, Thompson and Hegmann",false,73
762,Riverside,70,26/2/2023,778,"White, Bartoletti and Borer",false,501
831,Sloan,149,15/3/2023,482,Pouros-Cremin,false,482
762,Bellgrove,183,14/11/2022,993,Gutmann-Carroll,false,725
554,Acker,88,21/10/2021,894,Hane Inc,false,159
781,Mockingbird,71,26/9/2022,323,"Mayer, Leuschke and Balistreri",false,323
929,Independence,55,3/1/2023,312,"Stokes, Kunde and Luettgen",true,312
352,Gulseth,24,12/2/2022,990,Rosenbaum-Metz,false,928
282,Tony,6,16/2/2022,649,Hudson-Wyman,false,76
112,Talmadge,185,12/7/2022,652,Russel and Sons,false,490
781,Hanover,130,28/4/2022,313,"Doyle, Schaefer and Zulauf",true,313
119,Clemons,73,5/4/2023,787,"McDermott, Quigley and Spinka",false,787
755,Summer Ridge,175,17/7/2021,949,Ward Inc,false,644
50,Delladonna,93,2/12/2021,346,Marvin Group,false,346
417,Anhalt,214,11/6/2022,958,Nikolaus-Cummings,false,958
63,Kings,3,21/6/2021,257,Kerluke LLC,false,257
781,Anthes,103,6/11/2022,835,"Watsica, Becker and Buckridge",false,759
370,Stuart,116,1/12/2021,918,Rodriguez Inc,false,561
493,Nobel,37,21/1/2022,929,Gleason Group,false,751
859,Kenwood,236,15/7/2021,889,Rau-Ernser,false,889
774,Derek,145,2/11/2021,801,Dare-Miller,false,388
859,Lakeland,173,28/9/2022,718,Klocko Group,true,718
417,Nancy,10,25/7/2022,299,Wolff and Sons,false,106
627,Union,2,29/4/2022,646,Lemke-Simonis,false,646
537,Raven,126,30/5/2021,890,Bruen-Volkman,false,60
665,Northview,2,7/1/2023,520,Hills-Leuschke,false,520
781,Graceland,61,3/5/2023,509,Bins Group,false,349
984,Dahle,202,19/1/2023,755,"Lowe, Kihn and Goyette",false,436
694,Farmco,47,18/10/2021,929,Lindgren-Feest,false,30
781,Pepper Wood,134,3/8/2022,324,Bradtke-Berge,false,205
501,Oak Valley,133,25/7/2022,588,Rogahn-Conroy,false,588
694,Ridgeview,110,10/3/2023,574,Spinka-Bartell,false,574
417,Main,48,5/6/2021,639,"Cruickshank, Rau and Haley",false,639
133,Iowa,88,5/11/2022,883,Stehr Group,false,84
350,Lindbergh,81,2/2/2022,352,"Olson, Bailey and Pagac",false,352
898,Kingsford,109,31/8/2022,331,Wilkinson Inc,true,331
22,Fallview,160,27/8/2022,562,"Roob, Mann and Rohan",false,562
898,Crownhardt,243,30/3/2022,695,Von Inc,false,441
578,Messerschmidt,85,20/1/2023,524,"Stokes, Keebler and Von",false,524
781,Cordelia,237,15/9/2022,439,Spencer-Terry,false,193
746,Holy Cross,176,13/1/2022,441,Streich-Jones,false,58
665,Carey,237,1/5/2022,763,Beahan and Sons,false,442
39,Prentice,237,9/1/2023,998,"Russel, Turner and Hartmann",true,263
647,Hovde,54,15/2/2022,938,O'Kon Inc,false,870
984,Stang,101,14/11/2022,595,Huels-Ratke,false,292
56,Thierer,27,9/6/2021,565,"Kutch, Grimes and Hermann",false,239
665,Division,161,16/5/2022,504,Beatty-Mitchell,false,185
150,Crownhardt,179,18/10/2021,847,Armstrong-Witting,false,290
101,Huxley,124,23/4/2022,543,"Willms, Zieme and Bins",false,94
387,Monica,138,7/3/2022,978,"Hand, Raynor and Berge",false,183
350,Oak Valley,245,25/9/2021,498,Hessel LLC,false,19
56,Grim,140,1/9/2022,491,Ritchie-Paucek,false,116
927,Mcguire,20,15/11/2021,827,Batz LLC,false,1
929,Express,118,14/9/2021,226,"Nienow, Cartwright and Schaefer",false,226
999,Sullivan,138,30/4/2023,720,"Brown, Padberg and O'Keefe",false,474
746,Crownhardt,183,27/3/2022,203,Hickle-Connelly,false,203
924,Morningstar,130,10/12/2022,497,Torp Inc,false,497
767,Vermont,189,3/10/2021,775,"Mann, Nolan and Runolfsson",false,152
704,Manley,174,14/6/2022,297,Muller Group,false,297
145,Mccormick,193,22/1/2022,447,Kemmer and Sons,false,447
929,Brickson Park,244,16/5/2022,232,Streich-Dibbert,false,232
614,Mcbride,12,1/8/2021,542,"Wuckert, Feest and McCullough",false,134
614,Haas,189,29/5/2021,236,Batz LLC,false,236
704,Haas,185,3/2/2023,450,Goodwin-Medhurst,false,97
767,Mariners Cove,157,15/2/2022,725,Steuber LLC,false,196
771,Merry,50,5/5/2023,856,"Hartmann, Boyle and Oberbrunner",false,288
271,Meadow Valley,192,8/12/2021,223,Rowe Inc,false,51
201,Gateway,148,31/10/2022,548,Skiles-Abbott,false,548
41,Summerview,149,16/11/2021,290,Fadel and Sons,false,290
150,Clarendon,53,18/11/2021,670,"Bernhard, Schinner and Simonis",false,670
697,Miller,31,29/12/2022,614,Nienow-Feest,false,614
132,Harper,127,18/2/2023,541,"Renner, Jacobs and Gottlieb",false,54
218,Troy,50,21/9/2021,486,Parisian-Bruen,false,486
332,Northland,114,20/6/2021,560,Labadie-McClure,false,341
771,Shelley,35,5/4/2023,963,Trantow Inc,false,203
647,Stephen,198,31/3/2023,552,"Yundt, Russel and Rowe",false,552
900,Bartillon,53,9/7/2021,517,"Beer, Harris and Tillman",false,517
975,Knutson,43,22/7/2021,928,Toy LLC,false,23
150,Arkansas,233,20/2/2023,737,Reynolds-Ziemann,false,402
417,Steensland,239,28/4/2023,874,Glover Group,false,320
387,Hansons,196,21/5/2022,838,Botsford and Sons,false,103
277,Forster,170,6/1/2022,497,Glover and Sons,false,497
352,Porter,4,30/10/2022,683,"Oberbrunner, VonRueden and Donnelly",false,265
774,Prairieview,96,20/1/2023,317,Trantow Group,false,317
929,Anzinger,69,27/1/2022,570,"Paucek, Grady and Koss",false,124
277,Summerview,213,25/6/2022,609,Lindgren and Sons,false,420
362,Kingsford,197,19/5/2021,586,Reichel-Kunde,true,142
201,La Follette,247,7/6/2022,917,"Lueilwitz, Gutmann and Beahan",false,26
652,Barnett,49,23/2/2023,875,McGlynn-Rodriguez,false,36
982,Onsgard,57,7/10/2021,543,"Donnelly, Jacobs and Hodkiewicz",false,152
541,Montana,247,29/6/2022,911,"Kilback, Halvorson and Ernser",true,76
491,Scofield,152,25/4/2023,242,"Wyman, Frami and Boyer",true,242
440,David,238,28/5/2022,583,Reichert-Zboncak,false,144
309,Prairieview,12,23/9/2021,427,Kunde-Dickinson,false,405
774,Dakota,36,11/5/2022,315,Hyatt-Nitzsche,false,315
332,Miller,35,16/4/2023,545,"Barton, Brown and Bartell",false,234
474,Emmet,169,15/9/2022,676,Krajcik-Larkin,false,676
774,Corry,31,12/4/2022,912,"Cummerata, Adams and Runolfsson",false,34
376,Bartelt,175,13/12/2022,518,Block-Tromp,false,154
817,Scofield,126,4/5/2023,542,Rogahn Group,false,57
143,Miller,82,1/8/2022,271,"Lang, Buckridge and Zboncak",false,271
697,Barby,162,26/1/2022,969,Jacobs-Hodkiewicz,false,368
541,Sherman,56,8/6/2022,523,"Hegmann, Willms and Krajcik",false,523
133,Corry,170,18/1/2022,869,Wiegand Group,false,592
900,Mariners Cove,23,30/9/2021,958,Macejkovic-Orn,false,394
950,Bellgrove,195,12/3/2023,360,Okuneva Inc,true,360
132,Springs,223,8/9/2022,663,Schulist Inc,false,663
853,Johnson,245,14/9/2022,346,Cole-Fay,false,346
64,Armistice,8,18/7/2022,931,Mueller Group,false,45
749,Morningstar,66,3/9/2021,542,Casper and Sons,false,542
130,Ludington,211,28/10/2022,326,Robel-Weimann,false,179
323,Waubesa,143,22/10/2022,471,Gulgowski Group,false,229
652,Prentice,15,2/4/2022,927,"Gibson, Labadie and Flatley",false,632
96,Carey,215,29/5/2021,858,Daniel LLC,false,233
541,Ridgeway,194,20/6/2022,641,Oberbrunner Group,false,263
132,Monterey,127,17/4/2023,391,"Hammes, Smith and Gutmann",false,391
350,Tennessee,101,2/7/2021,404,Bechtelar Inc,false,404
627,Dixon,21,22/6/2022,257,"McGlynn, Dare and Jones",false,34
767,Vera,7,22/9/2021,918,"Rice, Bogisich and Effertz",false,865
653,Manufacturers,233,24/3/2023,566,Yost Group,false,98
781,Dahle,225,21/10/2021,400,"Lindgren, Ziemann and West",false,400
323,Manley,173,27/12/2021,871,Turcotte Inc,false,552
22,2nd,21,1/2/2023,886,"Hilpert, Wunsch and Daugherty",false,773
853,Messerschmidt,125,6/10/2021,546,MacGyver-O'Hara,false,546
647,Westerfield,58,7/12/2022,238,Casper-Gleichner,false,238
161,Union,94,29/9/2021,739,"Ward, Leuschke and Wolf",false,21
672,Northfield,234,3/6/2022,300,"Schinner, Bauch and Oberbrunner",false,300
332,Burning Wood,74,8/8/2021,760,"Yost, Conn and Bergnaum",true,313
749,Schiller,102,13/11/2022,482,"Kassulke, Dicki and Beahan",false,407
366,Hansons,221,20/1/2023,340,Gusikowski Group,false,340
22,Starling,236,5/12/2022,588,Torp Inc,false,588
859,Heffernan,17,29/10/2022,251,Nienow-Fisher,true,251
366,Red Cloud,17,11/6/2021,597,Shanahan Group,false,597
578,Kipling,19,3/11/2021,863,Nader Inc,false,467
63,Elmside,84,14/1/2022,916,Luettgen-Nikolaus,false,916
154,Bowman,225,1/9/2021,491,Price-Feil,false,260
984,Hooker,37,20/6/2022,521,"Witting, Kshlerin and Lemke",false,29
665,Westridge,57,13/10/2021,468,Bahringer LLC,false,286
774,Monterey,230,31/7/2021,921,Nicolas and Sons,false,711
937,Eastwood,178,21/7/2022,467,Medhurst-Graham,false,72
937,Vera,1,31/8/2022,844,Flatley and Sons,false,762
702,Sachtjen,158,10/3/2022,553,"Fritsch, Mohr and MacGyver",true,390
458,Cody,53,17/9/2022,918,"Pfannerstill, Brown and Emard",false,697
755,John Wall,183,5/6/2021,614,Cartwright LLC,false,614
81,Independence,36,13/1/2022,534,Rau-Kihn,false,232
393,Hollow Ridge,167,27/5/2022,424,Willms-Pacocha,true,424
64,Clove,129,26/4/2023,313,"Kiehn, Boyer and Mraz",false,313
927,Pond,81,4/12/2021,865,Lowe LLC,false,243
709,Straubel,123,2/4/2022,914,Morar-Cremin,false,763
64,Harper,88,27/9/2021,445,Weimann Inc,false,445
63,Service,196,18/7/2021,340,"Schamberger, Runolfsdottir and Ward",false,200
900,Roxbury,245,22/4/2022,516,"Sipes, Fay and Moore",false,516
865,Dottie,158,20/10/2022,697,"Koss, Dach and Goldner",true,358
127,Bellgrove,1,30/6/2021,223,Kulas Group,false,121
218,Jenna,196,28/9/2021,710,"Wehner, Quitzon and Parisian",false,644
332,Gateway,115,28/12/2022,336,Littel-Schmidt,true,5
999,Caliangt,82,23/5/2021,560,"Bergstrom, Rosenbaum and Stracke",false,140
161,Ryan,93,20/9/2022,721,Witting-Weber,false,721
653,Eagle Crest,121,2/3/2022,453,"Lynch, Orn and Walsh",false,453
865,Duke,229,26/6/2022,790,Block and Sons,false,118
272,Hoepker,214,25/8/2022,434,Mertz and Sons,false,17
578,Park Meadow,133,2/7/2021,763,"Schaden, Greenholt and Dach",false,627
63,Mccormick,186,16/11/2021,720,Greenfelder and Sons,false,335
64,Glacier Hill,170,15/9/2022,563,Schiller Inc,false,170
812,Kropf,181,1/3/2023,304,Watsica-Hammes,false,304
145,Weeping Birch,231,28/9/2022,296,"Predovic, Connelly and O'Reilly",false,296
393,Summit,17,25/7/2021,348,"Nicolas, Hoppe and Lynch",false,35
393,Carey,88,22/4/2023,618,Romaguera Group,false,617
896,American Ash,4,17/9/2021,705,Wiegand-King,false,705
578,Bluejay,174,27/6/2022,320,"Kerluke, Roob and Harber",false,222
56,Golf View,175,24/12/2022,201,Strosin LLC,true,201
96,Sundown,29,4/1/2022,275,Heathcote-Lehner,false,275
41,Springs,157,21/3/2023,869,Wisozk-Mohr,false,294
119,Londonderry,63,23/3/2022,790,Haley and Sons,false,347
39,Straubel,69,29/3/2022,635,MacGyver-Weber,false,635
143,Vernon,100,24/7/2022,756,Schimmel-Kris,false,678
984,Farragut,40,14/1/2023,886,"Bogisich, Gleason and Shields",false,546
350,Boyd,33,3/3/2022,303,Cormier-Kuhn,true,196
812,Autumn Leaf,77,28/4/2023,965,Brakus and Sons,false,568
133,Clyde Gallagher,19,20/3/2022,460,Gottlieb-Bartell,false,460
332,Luster,137,23/9/2021,417,Lakin LLC,false,167
781,Lake View,118,19/4/2022,763,Nader and Sons,true,763
493,Anthes,99,25/10/2021,562,Quitzon-Schumm,false,414
41,Kropf,175,23/7/2021,968,Osinski-Hahn,false,191
309,Kennedy,93,6/11/2021,356,"Funk, Purdy and Jakubowski",false,356
101,Center,99,23/2/2022,656,"Kuhic, Heathcote and Lowe",true,12
762,Golf Course,17,6/10/2021,433,Kautzer-Dach,false,433
309,Clarendon,161,5/7/2021,284,Lynch Group,false,284
537,Center,10,29/6/2021,629,"Stroman, Cormier and Pacocha",false,88
859,Barnett,172,3/2/2023,756,"Boyle, Predovic and Hane",false,39
161,Calypso,232,17/7/2021,688,"Williamson, Keebler and Kessler",false,182
218,Meadow Valley,195,27/9/2022,203,Rosenbaum and Sons,false,203
201,Hovde,40,25/11/2021,221,"Maggio, Rodriguez and Cronin",false,221
491,Southridge,75,2/4/2022,807,"Block, Streich and Parker",false,718
474,Duke,88,25/12/2021,670,Friesen Inc,false,670
154,Knutson,164,21/4/2023,401,"Windler, Nicolas and Howe",false,369
22,Nevada,91,23/9/2022,721,"Boyer, Lemke and Fisher",false,721
154,Gateway,107,27/11/2021,831,Hoppe-Rath,false,157
394,John Wall,130,5/12/2021,289,"Gulgowski, Yost and Feest",false,74
652,Harbort,53,23/3/2022,599,Kessler Group,false,599
929,Luster,74,13/6/2021,246,Legros-Carroll,false,246
218,Randy,59,19/2/2022,697,Marvin-Schumm,false,106
614,Rockefeller,31,8/3/2023,957,Haag Group,false,152
746,Debra,79,15/5/2022,865,Leuschke Inc,false,820
440,Lyons,54,22/1/2022,457,"Wiegand, Greenholt and Hamill",false,457
147,Killdeer,189,23/4/2023,977,"Bosco, Thompson and Barton",false,658
653,Ramsey,96,4/7/2021,859,Rau Inc,false,380
39,Sunnyside,43,17/1/2023,581,Gerhold and Sons,true,52
271,Vera,53,17/5/2023,235,Harris Inc,false,235
781,Declaration,85,23/8/2022,878,"Glover, Kulas and Will",false,578
63,Kensington,186,22/8/2022,516,"Jast, Goodwin and Powlowski",false,516
554,Bayside,14,29/12/2022,317,Little LLC,true,317
950,Rieder,154,19/9/2021,418,"Doyle, Cartwright and Gibson",false,63
474,Roxbury,143,11/12/2022,955,Huels Inc,false,752
41,Elmside,150,21/2/2023,997,Maggio-Hartmann,false,267
704,Tomscot,69,18/10/2022,367,"Nader, Hoppe and McLaughlin",false,5
501,Fairview,162,9/1/2023,520,"Labadie, Dickinson and Pouros",false,520
22,Blaine,172,25/3/2023,840,Terry-White,false,656
975,Dixon,116,27/5/2021,816,Hermann-Larson,false,106
132,Scofield,39,27/3/2023,208,Marks LLC,false,64
292,Tony,69,10/7/2021,257,McClure-Jaskolski,false,257
853,1st,1,3/8/2022,906,"Kassulke, Lubowitz and Huel",false,241
64,Havey,28,5/6/2022,684,"Grady, Wilderman and Schmeler",false,84
41,Sutteridge,145,30/5/2022,472,"Dooley, Schaden and Gutkowski",false,472
853,Dunning,30,12/7/2022,658,Will Inc,false,552
924,Stone Corner,142,11/1/2022,714,Mante and Sons,false,245
975,Swallow,170,18/12/2021,650,Murray LLC,false,650
641,Arizona,133,15/8/2021,532,Muller Group,false,532
709,Bowman,23,6/12/2022,686,Sporer-Cassin,false,37
554,Buell,107,5/4/2023,865,Runolfsdottir Group,false,582
493,Delladonna,141,15/4/2022,210,West and Sons,false,156
474,Basil,73,2/12/2022,916,"Kutch, Schuster and Nitzsche",false,762
749,Harper,3,30/12/2022,839,Schulist Inc,false,334
704,Main,210,5/11/2021,599,Braun Group,false,111
537,Pine View,145,12/3/2022,583,Goldner-Reinger,false,583
428,Roth,172,25/5/2021,928,"Johns, Grimes and Mertz",false,384
393,Lawn,16,2/10/2022,240,Rolfson-Kunze,false,240
147,Hovde,109,28/7/2022,814,"Murazik, Oberbrunner and Zboncak",false,199
133,Huxley,235,7/9/2021,918,"Marvin, Lueilwitz and Ledner",false,479
440,Becker,171,18/5/2023,908,"Anderson, Metz and Ortiz",false,792
130,Montana,112,3/7/2022,494,Kunde-Zieme,false,267
41,Lotheville,47,11/8/2022,510,Herzog and Sons,true,510
143,Nancy,35,20/4/2022,804,Durgan-Gulgowski,false,804
64,Buell,15,9/5/2022,233,"Graham, Christiansen and Abshire",false,233
282,Calypso,27,22/9/2022,812,Barton LLC,false,120
50,Talisman,39,8/3/2023,251,Wunsch-Dare,false,67
771,Dahle,154,26/8/2022,330,Gottlieb-Schinner,false,330
72,Columbus,226,8/5/2022,621,Russel Inc,false,187
427,Bobwhite,69,26/7/2021,339,Lemke-Feil,false,339
817,Saint Paul,233,23/9/2022,781,Rutherford-Marks,true,442
627,Truax,72,13/11/2021,250,Rolfson Group,false,250
272,Clyde Gallagher,219,19/10/2021,434,"Paucek, Harvey and Purdy",false,434
440,Harper,78,25/1/2023,745,Spinka and Sons,false,581
554,Pennsylvania,48,3/11/2022,559,"Bernier, Cole and DuBuque",false,33
64,Springs,104,25/10/2021,372,Fadel-Anderson,false,372
393,East,231,22/11/2022,631,Ratke Group,false,316
541,Barnett,154,23/5/2022,613,Marks-Gerhold,false,498
578,Drewry,185,5/12/2022,330,Collins-Greenfelder,true,300
323,Pearson,95,1/4/2023,835,"Schultz, Walsh and Cummerata",false,622
762,Roxbury,30,18/2/2022,646,Beahan and Sons,false,646
641,Brown,204,27/9/2021,275,"Maggio, Murazik and Abshire",false,275
387,Weeping Birch,26,18/3/2022,396,Luettgen LLC,false,396
394,Oneill,214,2/12/2021,439,Keebler-Brown,false,302
982,Bashford,216,15/2/2022,721,Olson and Sons,false,516
394,Esch,16,17/8/2021,876,Waters and Sons,false,286
143,Anderson,40,14/3/2022,578,"Wilderman, Hayes and Price",false,494
846,2nd,72,15/2/2022,476,"Spencer, Flatley and Bahringer",false,356
63,Beilfuss,189,20/10/2022,641,Cassin LLC,true,641
56,Mandrake,27,20/11/2022,706,Feil-Mraz,false,706
309,Eastwood,113,19/3/2023,711,"Kulas, Cormier and Schmitt",false,711
417,Ilene,54,16/6/2022,685,Kuvalis and Sons,true,685
491,Lawn,101,4/3/2023,938,"Hirthe, Gutkowski and Hyatt",false,830
982,Haas,247,14/5/2022,754,Gottlieb and Sons,false,254
707,Calypso,82,18/4/2022,563,Wilderman-O'Connell,true,563
929,Del Sol,218,12/5/2022,437,Lind and Sons,false,437
672,Hayes,236,5/6/2022,224,"Kulas, Conroy and Gutmann",false,224
900,Fallview,145,4/12/2021,721,"Lindgren, Grant and Raynor",false,269
147,Forest,137,13/3/2023,565,Bahringer and Sons,false,565
56,Carioca,29,7/1/2022,635,Heaney and Sons,false,635
548,Burning Wood,50,18/8/2022,520,Nikolaus Inc,false,62
272,Swallow,187,23/1/2023,919,McDermott Inc,false,164
853,Kenwood,132,12/8/2022,802,Buckridge LLC,false,802
501,Garrison,138,21/12/2022,398,Upton Inc,false,398
323,Onsgard,81,6/12/2021,770,Price and Sons,false,329
409,International,206,2/9/2022,692,Koss-Green,false,485
366,Ridgeview,235,28/10/2021,905,Boyle and Sons,false,647
548,Old Gate,168,8/4/2022,659,Gislason-Powlowski,false,659
366,Mandrake,43,8/9/2022,487,Brakus-Bins,false,487
665,Anderson,30,16/11/2022,672,"Emmerich, Kovacek and Gleichner",false,122
161,Goodland,184,12/9/2022,494,Balistreri-Ebert,false,494
999,Jackson,7,8/7/2021,354,Abshire and Sons,false,130
143,Arapahoe,103,15/3/2022,417,"Hamill, Sawayn and Reinger",false,417
950,Melby,163,22/6/2021,516,Ledner-Hills,false,395
924,New Castle,89,3/3/2023,738,Abshire Group,false,738
755,Nancy,7,9/1/2023,934,"Schultz, Hyatt and King",false,194
282,Independence,29,7/10/2022,336,"Hessel, Gutkowski and DuBuque",false,90
150,Derek,129,16/12/2021,446,Pollich Inc,false,446
898,Lindbergh,217,24/8/2022,308,Nikolaus-Osinski,false,308
627,Hayes,84,28/8/2022,978,Tromp-Leffler,false,276
432,Scott,13,30/4/2023,560,Cole LLC,false,301
150,Holmberg,193,27/2/2023,255,White-Welch,false,223
501,Beilfuss,28,20/7/2021,423,"Gorczany, Grant and Mayert",false,423
271,Westend,215,24/11/2022,505,Senger and Sons,false,505
709,Green Ridge,215,16/10/2022,695,"Torp, Zieme and Leuschke",false,695
393,Brentwood,69,30/6/2021,338,"Murray, Greenholt and Ruecker",false,338
707,Miller,127,29/9/2021,294,"Cole, Gutkowski and Reichel",false,13
702,Morningstar,65,13/5/2022,470,Becker-Doyle,false,470
709,Melby,155,6/9/2021,430,Walsh-Stoltenberg,false,430
143,Washington,0,23/4/2023,595,Wehner-Jakubowski,false,595
771,Lake View,165,3/11/2022,950,"Kuvalis, Nitzsche and Deckow",false,901
755,Carpenter,133,26/5/2021,264,Nader-Kihn,false,158
161,Jenifer,121,14/6/2022,920,Fritsch LLC,false,31
984,Bunker Hill,105,15/9/2022,688,"Zboncak, Kohler and Pouros",false,524
127,Pond,60,2/10/2022,746,Glover-Pouros,false,30
130,Pennsylvania,191,11/11/2022,406,Jacobi and Sons,false,284
119,Chinook,230,27/5/2022,572,"McKenzie, Kemmer and Koepp",false,572
749,Straubel,170,31/10/2022,789,"Lowe, Weimann and Abshire",true,37
812,Dryden,0,16/9/2022,210,Braun-Hand,false,33
493,Portage,232,15/6/2021,859,Stehr and Sons,false,381
694,Moulton,146,15/4/2022,997,"Batz, Klein and Bradtke",false,91
428,Kipling,76,21/10/2021,215,Marquardt Inc,false,215
865,Clyde Gallagher,96,2/1/2023,433,"Altenwerth, Schumm and Blanda",false,153
831,Riverside,149,17/9/2022,651,Monahan and Sons,false,200
627,Mifflin,31,9/6/2021,532,Smitham LLC,false,532
746,Burning Wood,167,22/4/2023,717,Nitzsche Group,false,601
394,Ohio,95,16/2/2023,999,Schamberger and Sons,true,334
72,Arrowood,240,25/4/2022,615,Cremin-Schuppe,true,615
665,Melrose,159,15/1/2023,707,Fahey-Mosciski,false,707
161,Onsgard,29,21/6/2021,966,"Robel, Carroll and Lowe",false,713
548,Blue Bill Park,128,29/3/2022,236,Armstrong-Hane,true,172
831,Hooker,105,6/1/2022,605,Pagac Inc,false,65
762,Twin Pines,142,19/2/2022,558,Heathcote Inc,false,558
491,Russell,150,16/11/2021,450,"Barton, Osinski and Parisian",false,341
491,Maywood,60,13/8/2022,316,Hegmann-Green,false,316
541,Nevada,93,25/2/2022,983,Deckow Group,false,857
376,Jana,226,25/8/2021,234,"Fadel, Walter and Deckow",false,234
63,Golf,113,8/10/2021,404,Borer Inc,false,404
554,Arkansas,149,12/11/2024,533,Bins-Champlin,false,
665,Graceland,203,22/3/2024,224,Paucek Inc,false,
428,Atwood,204,15/12/2024,893,"Champlin, Trantow and Buckridge",false,
865,Mesta,49,14/8/2024,681,"Schaefer, Kling and Purdy",false,
707,Scott,84,20/5/2023,726,"Beatty, Pollich and Farrell",false,
150,Monica,91,10/9/2023,497,Rolfson Inc,false,
502,Gina,233,10/8/2024,819,Jast-Deckow,false,
853,Jenifer,247,5/1/2025,762,"Herman, Stroman and Littel",false,
900,Lukken,154,21/4/2025,744,Bernhard LLC,false,
154,Evergreen,62,2/8/2024,868,Conroy Group,true,
127,Cardinal,19,19/2/2025,661,Champlin Inc,false,
350,Washington,101,4/11/2023,437,Tillman-Ernser,false,
251,Miller,206,18/10/2023,918,"Durgan, Connelly and Ledner",false,
702,Continental,212,27/3/2025,562,Barton-Metz,false,
896,Utah,103,6/11/2024,870,Mosciski and Sons,false,
975,Maryland,12,23/8/2024,971,Littel Inc,false,
767,Sachs,24,13/9/2024,263,Koch-Rutherford,false,
394,Basil,188,23/1/2024,542,"Kunde, Mann and Dickinson",false,
394,Morning,68,28/10/2024,308,Rodriguez-Stroman,false,
749,Burning Wood,33,16/4/2025,437,Zieme-Bednar,false,
22,Tennessee,40,28/5/2023,591,"Hoppe, Lowe and Ferry",false,
332,Northridge,2,29/7/2023,440,Bauch and Sons,false,
846,Springs,54,19/3/2024,990,Howe-MacGyver,false,
853,Hermina,49,15/4/2024,280,Wiegand-Ortiz,false,
393,2nd,110,12/1/2024,1000,Kassulke-Gislason,false,
251,Oneill,227,11/12/2024,542,Braun Inc,false,
323,Moland,59,14/6/2023,355,"Witting, Reynolds and Crona",false,
929,International,242,10/3/2025,656,"Treutel, Huel and Gibson",false,
927,Sheridan,97,29/10/2023,695,Hand-Lockman,false,
432,Red Cloud,237,25/6/2023,484,"Simonis, Wolf and Ward",false,
541,Algoma,105,10/7/2024,663,Harris Group,false,
292,Prairie Rose,176,14/7/2023,457,Kilback-Pacocha,false,
161,New Castle,25,23/1/2024,598,Rowe and Sons,false,
950,Glacier Hill,97,21/10/2023,614,Turner Inc,false,
781,Schurz,198,10/4/2025,654,Von-Price,false,
119,Brickson Park,210,4/6/2024,776,Cartwright-Hane,true,
350,Village,164,29/10/2024,388,Prohaska-Macejkovic,false,
161,4th,174,26/9/2023,463,"O'Hara, Kuphal and Murazik",false,
950,Redwing,73,13/7/2024,683,"Armstrong, Wisoky and Greenholt",false,
96,Hayes,155,24/10/2023,369,"Hahn, Dietrich and Leffler",false,
292,Kropf,14,11/2/2025,676,Schmeler-Bartell,false,
541,Raven,42,2/7/2023,344,"Schamberger, Bahringer and Pollich",false,
853,West,149,20/9/2024,833,"Abshire, Beatty and Balistreri",false,
502,Ludington,100,4/12/2023,996,Barrows-Kuhlman,false,
96,Randy,186,7/5/2025,823,"D'Amore, Dickens and Spencer",true,
984,Fordem,220,29/10/2024,404,Stanton Inc,false,
323,Hintze,212,3/7/2024,249,"Williamson, Daugherty and Wisozk",false,
578,Linden,91,21/9/2024,278,Kemmer-Lueilwitz,false,
548,5th,116,27/10/2023,956,"Larkin, Fadel and Jones",false,
133,Ramsey,162,4/6/2024,746,"Heaney, Lebsack and Daniel",false,
130,Valley Edge,201,3/3/2024,998,Schamberger and Sons,false,
143,Autumn Leaf,88,26/8/2024,998,Kilback-Jaskolski,false,
277,Melby,246,29/1/2025,689,"Hartmann, Veum and Tremblay",false,
713,Canary,2,10/9/2024,804,Cole-Haag,false,
707,Twin Pines,77,17/3/2024,811,"Bashirian, Dooley and Price",false,
652,Johnson,135,9/12/2024,498,Wilkinson Group,false,
774,Merry,71,20/4/2024,658,"Reinger, Littel and Reynolds",false,
697,Stone Corner,235,8/8/2024,719,"Nikolaus, Murphy and Jones",false,
853,Clemons,162,27/4/2024,455,McClure Group,false,
64,Farragut,23,23/2/2025,389,Goodwin-White,false,
64,Emmet,165,10/2/2025,534,Blanda LLC,false,
755,Banding,83,16/2/2024,517,Koelpin-Runolfsson,false,
982,Sage,56,17/12/2024,571,Haag-Wintheiser,false,
147,Caliangt,46,28/5/2023,274,Mueller-Bernhard,true,
417,Golden Leaf,116,7/1/2024,200,"Carter, Hintz and Dooley",true,
112,Harbort,155,7/9/2023,799,McDermott-Treutel,false,
147,Hayes,211,7/10/2024,488,Reynolds-Bechtelar,false,
704,Upham,210,9/12/2023,258,Auer Group,false,
387,Truax,232,12/2/2024,624,"Lueilwitz, Williamson and Lebsack",false,
709,Ryan,76,26/12/2023,662,Langworth Group,false,
491,Westend,7,16/1/2024,563,Schmeler LLC,false,
440,Sycamore,14,26/1/2025,359,Block Inc,false,
323,Crest Line,231,23/12/2024,414,Rutherford-Witting,true,
900,Haas,158,24/2/2025,682,McGlynn-Heller,false,
781,Stephen,184,13/8/2023,840,"Wilkinson, Bins and Wehner",false,
154,Moose,98,30/10/2023,805,"Donnelly, Walsh and Bechtelar",false,
694,Forster,199,19/7/2023,772,Zemlak-Bednar,false,
537,Elmside,172,20/5/2024,609,"Rogahn, Roob and Kerluke",true,
430,Anderson,14,30/11/2024,853,Crist Group,false,
896,Kim,56,11/5/2024,267,Rogahn Inc,true,
130,Columbus,173,14/9/2023,957,Morissette Inc,false,
22,Prairieview,113,19/3/2024,304,Hirthe-Hansen,false,
641,Parkside,192,16/12/2023,533,Denesik LLC,false,
493,Cardinal,198,17/11/2023,914,Daniel-Spinka,false,
350,Loomis,169,10/9/2023,488,Wuckert Inc,false,
774,Golden Leaf,131,6/12/2023,668,"Smith, Wisozk and Schamberger",false,
352,Doe Crossing,195,17/9/2024,852,Quitzon and Sons,true,
161,Moland,74,10/10/2023,249,"Roberts, Swift and Wiza",false,
652,Duke,23,1/3/2024,810,"Schmeler, Labadie and Watsica",false,
458,Rusk,56,19/1/2024,272,Schoen Inc,false,
704,Arrowood,223,23/1/2024,451,Yundt LLC,true,
652,Larry,108,9/1/2024,562,Vandervort-Hilll,false,
548,Montana,88,19/1/2025,490,"Abbott, Zemlak and Bode",false,
145,Oneill,229,24/9/2024,202,Ferry-Pacocha,false,
767,Lakewood,42,14/2/2024,682,Trantow-Welch,false,
614,Fairfield,113,2/9/2023,933,Fahey-Hyatt,false,
537,Emmet,7,31/3/2024,781,Reynolds-Reichel,false,
501,Dryden,158,4/2/2025,423,O'Reilly LLC,false,
927,Elka,63,14/11/2024,575,Price LLC,false,
614,Bellgrove,51,2/12/2024,576,Wisoky LLC,false,
896,Morningstar,130,9/12/2024,504,"Bartell, Mohr and Jerde",false,
896,Meadow Ridge,62,7/4/2025,896,Gerlach Group,false,
147,Maryland,246,7/6/2023,275,"Schamberger, MacGyver and Gulgowski",false,
541,Cottonwood,107,3/8/2024,232,"Sawayn, Bartell and Casper",false,
665,Nelson,142,7/1/2025,922,Quigley and Sons,false,
64,Lawn,194,5/12/2024,639,"Pfannerstill, Christiansen and Koss",false,
812,Birchwood,225,15/11/2024,932,Goodwin-Cremin,false,
201,Holy Cross,229,17/11/2024,369,"Tremblay, Koss and Harber",false,
774,Sunbrook,234,12/1/2024,266,"McGlynn, Dickinson and Shanahan",false,
548,Bunting,14,31/1/2025,694,"Herman, Gottlieb and Price",false,
56,Aberg,114,10/8/2023,444,Kertzmann LLC,false,
781,Coolidge,17,4/9/2024,377,Skiles and Sons,false,
394,Badeau,177,22/3/2024,534,"Connelly, Bins and Kutch",false,
982,Cherokee,84,1/10/2024,843,"Baumbach, Dach and Roberts",false,
859,Butternut,54,12/10/2024,450,"O'Connell, Rolfson and Bogan",false,
924,Kings,154,20/12/2024,794,Skiles-Stoltenberg,false,
132,Ronald Regan,215,10/1/2025,418,"Farrell, Leffler and Leannon",false,
774,Ridge Oak,136,7/5/2025,739,Schumm-Volkman,true,
56,Sutherland,35,23/2/2025,520,"Waters, Deckow and Howe",false,
50,Elmside,201,23/7/2024,683,Larson-Hirthe,false,
63,Village,41,6/1/2025,597,Huels-Collins,false,
853,Sutteridge,154,22/1/2025,454,Conroy-Batz,false,
332,Eagan,117,29/11/2024,684,Pouros and Sons,false,
541,South,234,26/1/2024,816,"Parker, Blanda and Kutch",false,
767,Valley Edge,61,5/8/2024,605,Williamson-Turcotte,false,
707,Beilfuss,241,12/1/2025,235,O'Conner-Becker,false,
362,Sunnyside,33,25/9/2023,693,Beier-Shields,false,
22,Cambridge,224,22/3/2024,671,Funk-Considine,false,
387,Ludington,113,16/8/2023,329,Simonis-Kub,false,
812,Banding,125,20/8/2023,952,Treutel-Hessel,false,
781,Talisman,48,12/10/2024,540,Borer-Kovacek,false,
143,Anhalt,161,4/7/2023,865,Bayer Group,false,
427,Mendota,75,28/8/2023,745,Rau-Kassulke,true,
762,Duke,3,29/11/2024,594,Leannon-Schneider,false,
548,Veith,196,15/1/2025,831,Gislason LLC,false,
702,Knutson,23,27/5/2023,395,"Pacocha, Emard and Lueilwitz",false,
440,Dawn,182,2/3/2025,303,"Lebsack, Runolfsson and Blanda",false,
541,Dovetail,223,26/2/2024,964,Windler-Senger,false,
332,Eagan,118,25/2/2025,717,"Spinka, Nolan and O'Reilly",false,
277,Artisan,29,1/4/2025,257,Smith and Sons,false,
493,Merrick,205,2/5/2024,571,Oberbrunner-Gottlieb,false,
292,Superior,173,28/8/2024,418,"Ferry, Olson and Stamm",false,
132,Michigan,229,15/3/2025,927,"Beatty, Skiles and Mills",false,
762,Drewry,123,26/8/2024,956,Smitham Inc,false,
896,Emmet,245,9/2/2024,546,Denesik and Sons,false,
323,Colorado,238,9/7/2024,472,Schultz-Blanda,false,
393,Brown,137,10/7/2024,701,"Hammes, West and Brakus",true,
704,Stang,100,17/11/2024,469,Durgan-Hane,false,
154,Beilfuss,211,3/3/2024,639,Koelpin-Reynolds,false,
277,Jackson,220,25/4/2025,936,Hegmann Inc,false,
707,Barby,241,28/4/2025,886,Streich and Sons,false,
432,Sloan,109,1/2/2025,718,"Schuster, Wehner and Glover",false,
282,Orin,26,19/10/2023,425,"Waelchi, Hirthe and Leffler",true,
548,Oxford,8,8/2/2025,440,Anderson-Dietrich,false,
201,Hoard,205,1/7/2023,997,"Hilll, Dooley and Conn",false,
119,Upham,212,18/11/2023,714,Heller-Lockman,false,
101,Transport,110,9/10/2023,872,Murphy-Bechtelar,true,
145,Bultman,69,1/6/2024,771,"Swift, Ziemann and Prosacco",false,
984,Del Mar,178,13/3/2024,939,Daugherty LLC,true,
652,Monument,36,10/5/2024,909,Blick and Sons,false,
774,Susan,90,21/10/2023,448,Daniel and Sons,false,
672,Dunning,95,6/7/2024,779,Tromp-Little,false,
132,Ridge Oak,151,31/12/2023,633,Kris-Cummerata,false,
147,Buell,64,10/10/2023,458,Champlin-Lehner,false,
548,Kipling,18,27/11/2024,339,Conroy LLC,false,
119,Sutherland,71,11/2/2025,623,Mann and Sons,false,
702,Hanover,107,3/2/2025,424,"Wilkinson, Lesch and Hirthe",false,
846,Sunbrook,221,21/12/2024,885,"Bergnaum, Goyette and Runte",true,
427,Southridge,244,3/7/2023,855,"Dooley, Trantow and Jerde",true,
665,Monterey,89,2/3/2024,913,"Murphy, Adams and Emmerich",false,
982,Eastwood,237,30/12/2023,307,Bahringer-Robel,false,
133,Crownhardt,141,17/3/2025,778,"Murazik, Roob and Kutch",false,
387,Park Meadow,39,25/2/2025,941,"Ondricka, Ullrich and McDermott",false,
578,Mesta,154,20/2/2025,851,Gleichner-Willms,false,
665,Bay,50,25/6/2023,897,Borer and Sons,false,
771,Garrison,51,31/7/2023,667,Jaskolski-Dibbert,false,
541,Arrowood,32,3/2/2024,837,Wilderman LLC,false,
143,Florence,227,27/2/2024,588,Mosciski-Gorczany,false,
950,Mccormick,44,9/2/2024,399,Romaguera-Auer,false,
767,Bluestem,94,2/8/2023,970,Crona-Bode,false,
430,Ryan,168,13/11/2024,423,Tillman and Sons,false,
427,Dakota,92,8/12/2023,638,Rath LLC,false,
50,Miller,34,27/8/2023,951,Dibbert Inc,false,
771,East,231,18/5/2025,206,"Lakin, O'Connell and Bartell",false,
812,Schlimgen,214,27/10/2023,601,Lehner and Sons,false,
393,Morrow,247,17/3/2024,342,"Ryan, King and Schuster",false,
352,Hoepker,178,4/5/2024,289,"Macejkovic, Dooley and McKenzie",false,
56,8th,194,6/7/2024,772,Koss-Nitzsche,false,
927,Arrowood,10,1/7/2023,928,Hessel Group,false,
927,Brown,99,10/10/2024,347,"Turner, Klocko and Larkin",false,
272,Hovde,144,29/4/2025,779,"Reichel, Bergnaum and Brekke",false,
393,Sommers,103,9/7/2024,751,Stoltenberg-Kozey,false,
491,Mockingbird,176,20/7/2024,890,Smith and Sons,false,
143,Cambridge,183,5/1/2025,335,Klein-Connelly,false,
709,Heffernan,154,21/6/2023,712,Toy-Gottlieb,false,
537,Jackson,105,17/4/2025,970,"Kshlerin, Larkin and Rowe",false,
950,Sachs,109,18/8/2023,390,"Thompson, Spinka and Mueller",false,
767,Westridge,28,11/11/2023,249,Lang and Sons,false,
119,Kim,80,18/1/2025,769,"Boyer, Hegmann and Hirthe",false,
767,Di Loreto,69,31/7/2023,672,"Murazik, O'Connell and Schmeler",false,
133,Prentice,86,3/9/2023,901,Cormier and Sons,false,
143,Kingsford,166,26/4/2024,855,"Thompson, Gibson and Prosacco",false,
781,Parkside,173,28/8/2024,989,White Inc,false,
694,Elka,233,30/5/2024,644,Kautzer-Bernhard,false,
81,Mcguire,49,14/10/2023,853,"Rosenbaum, Hammes and Cole",false,
277,Anzinger,203,31/1/2024,925,Hegmann and Sons,false,
201,Parkside,40,29/1/2024,995,Reynolds-Leffler,false,
898,Center,54,25/6/2024,708,"Bauch, Crooks and Towne",false,
132,Calypso,204,1/6/2024,525,Marks and Sons,false,
493,Havey,176,10/5/2024,471,Gorczany-Kemmer,true,
982,Independence,227,15/3/2025,507,Feeney-Mayert,false,
201,Debs,21,14/11/2024,206,"Wyman, Stracke and Sanford",false,
999,Crescent Oaks,232,14/1/2024,955,Herman-Weissnat,false,
831,Farmco,2,21/5/2023,354,Dickinson-Johns,true,
554,Montana,147,8/10/2024,437,Bode-Wisoky,true,
50,Coolidge,21,7/1/2025,732,Carter Group,false,
929,Sachtjen,120,18/1/2025,318,Homenick Group,false,
767,Pearson,27,20/4/2025,666,"Effertz, Parisian and Beatty",false,
39,Monica,26,27/2/2025,280,Langworth-Howe,false,
652,Bobwhite,5,16/7/2023,352,McKenzie LLC,false,
428,Towne,62,2/12/2023,201,"Reilly, Rice and Roberts",false,
929,Warner,138,19/10/2023,954,"Dach, Gibson and Reichel",false,
409,Raven,143,18/4/2024,463,"Mayer, Waelchi and Stark",false,
501,Monterey,154,9/12/2023,884,Kessler LLC,false,
924,Cardinal,28,6/2/2025,793,Green-Huel,false,
127,Holmberg,195,4/1/2024,460,"Schroeder, Steuber and Lindgren",false,
697,Mcguire,76,8/8/2023,211,White-Rolfson,false,
865,Northfield,170,15/12/2024,743,Hackett and Sons,false,
218,Continental,31,7/2/2024,628,"Kuvalis, Smith and Hammes",false,
755,Donald,72,15/3/2024,466,"Roob, Luettgen and Hoeger",false,
147,Vernon,75,2/4/2024,616,Hegmann Inc,true,
272,Loftsgordon,25,24/2/2024,595,"Jacobs, Rippin and Robel",false,
653,Holy Cross,106,21/9/2024,276,Jaskolski-Denesik,false,
771,Spaight,42,14/3/2025,451,Robel LLC,false,
707,Talmadge,181,24/12/2023,756,"Nienow, Schaden and Hirthe",false,
277,Mcguire,221,5/9/2024,865,Koch Inc,false,
929,Corben,237,12/11/2023,702,Dickinson Group,false,
130,Anhalt,25,20/10/2024,357,Reichel Inc,false,
394,Golf Course,248,23/5/2023,436,Zulauf-Fay,false,
502,Burrows,108,8/3/2024,855,Boehm-Denesik,false,
707,Moulton,135,13/9/2024,805,Abernathy Group,false,
430,Schmedeman,15,3/1/2025,330,"Konopelski, Nader and Kohler",false,
927,Judy,41,15/6/2023,758,Daugherty-Wolf,false,
578,Schiller,61,10/10/2023,995,Gleason and Sons,true,
41,Swallow,230,17/1/2024,884,Kuvalis-Mitchell,false,
387,Becker,179,3/10/2024,857,Wilkinson and Sons,false,
627,Lake View,187,29/3/2025,288,Bayer-Flatley,false,
817,Mosinee,150,5/11/2024,927,"Greenholt, Murazik and Halvorson",false,
781,Hoffman,143,30/1/2025,839,"Schultz, Okuneva and Heaney",false,
491,Kim,217,23/5/2023,987,Greenfelder-Hodkiewicz,false,
672,School,146,21/12/2023,752,Frami Group,false,
859,Vera,197,2/10/2023,316,"Bartoletti, Paucek and Green",false,
746,Cordelia,27,18/7/2024,777,Jacobson Group,false,
927,Oakridge,101,23/8/2023,718,Koch Inc,false,
537,Chinook,8,20/9/2024,844,"Mitchell, Wilderman and Berge",true,
694,Vera,222,14/6/2024,684,Marvin Inc,true,
578,Lakeland,25,9/8/2024,411,Barton-Wuckert,false,
272,Morrow,92,2/8/2023,353,Daniel and Sons,false,
707,Dovetail,162,6/6/2023,440,"Graham, Leuschke and Yundt",false,
440,Summerview,90,13/10/2024,762,"Koepp, Johnson and Jakubowski",false,
251,Morning,6,12/7/2023,658,"Bahringer, Lind and Howe",false,
771,Mayer,85,16/2/2025,966,"Larkin, Gibson and Koss",true,
201,Rieder,211,21/12/2024,946,"Langworth, Prohaska and Heidenreich",false,
22,Havey,17,14/2/2024,829,Dibbert Group,false,
707,Aberg,224,11/7/2024,957,Shanahan-Lynch,false,
440,Prentice,18,15/7/2023,455,Haley-Lebsack,false,
56,Texas,246,19/8/2024,897,Waelchi Inc,false,
72,Huxley,50,15/7/2024,923,Boyer Group,false,
277,Rowland,249,14/8/2024,247,Kohler-Kulas,true,
251,Larry,203,2/11/2024,844,Waters-Feil,false,
927,Burrows,209,28/8/2024,911,"Predovic, Bernhard and Kuphal",true,
393,Lindbergh,34,30/11/2023,237,"Little, Kuhlman and Green",false,
272,Fallview,110,11/7/2023,943,Conn-Gleason,false,
694,Green,66,29/7/2023,321,Emard Inc,false,
427,Luster,173,13/10/2024,620,Leuschke LLC,false,
694,Morning,199,19/3/2025,837,Homenick-Kuhlman,false,
417,Jay,16,18/4/2024,898,Kovacek LLC,false,
72,Forest Run,204,1/10/2023,406,Runolfsson Inc,false,
64,Veith,186,1/2/2024,315,Schaden-Pfeffer,false,
440,Florence,86,2/2/2024,388,"Casper, Heathcote and Macejkovic",false,
627,Carioca,48,19/8/2023,612,Deckow and Sons,false,
161,Mariners Cove,126,22/10/2024,662,"Price, Hettinger and Kiehn",false,
817,Nobel,219,4/11/2023,428,"Bartell, Nolan and Satterfield",false,
755,Kedzie,10,20/2/2025,730,"Paucek, Jacobson and Stokes",false,
817,Maple,203,22/7/2023,725,"Gutmann, Hahn and Maggio",false,
771,6th,160,4/9/2024,277,"Adams, Jacobson and Powlowski",false,
218,Lyons,12,28/11/2024,632,Wuckert-Russel,false,
150,Pepper Wood,139,24/12/2024,208,"Osinski, Homenick and Kshlerin",false,
641,Caliangt,156,11/12/2024,850,"Lang, Nicolas and Blanda",true,
272,La Follette,77,6/2/2025,265,Zulauf-Dietrich,false,
702,Meadow Ridge,46,20/3/2024,609,Howe and Sons,false,
929,Hovde,120,31/7/2023,283,"Schimmel, Wisozk and Dibbert",false,
64,Village,30,15/11/2023,247,McKenzie-Ziemann,false,
362,Hoepker,235,11/2/2025,285,Fritsch LLC,false,
665,Alpine,25,14/1/2024,575,Gorczany and Sons,false,
924,Center,192,15/7/2024,735,Marvin-Maggio,false,
218,Anzinger,144,17/7/2023,453,Hyatt-Barton,false,
282,Cody,97,22/6/2023,602,"Jerde, Trantow and Conn",false,
309,Anzinger,217,12/5/2024,268,"Wiegand, Jast and Wunsch",false,
812,Burrows,94,29/12/2024,272,"Ritchie, Doyle and Bernhard",false,
896,Grover,214,13/8/2023,402,Pagac and Sons,false,
767,Westerfield,158,30/10/2024,343,"Kiehn, VonRueden and Bayer",false,
432,Cardinal,73,1/5/2025,788,"Simonis, Sporer and Waelchi",false,
647,Pankratz,32,7/12/2023,881,Gleason LLC,false,
271,Bluestem,246,20/6/2024,249,"Collier, Leffler and O'Conner",false,
578,Lotheville,83,3/5/2025,279,"Altenwerth, Strosin and Murray",false,
39,Kropf,0,29/8/2024,527,Schulist LLC,true,
350,Nova,37,11/6/2024,620,"Kerluke, Metz and Schmidt",false,
427,Eastwood,89,15/9/2023,988,"Wunsch, Hayes and Johnson",false,
694,Morningstar,100,25/8/2024,284,"Hettinger, Herzog and Batz",true,
133,Melby,141,19/1/2024,461,"Johnson, Lueilwitz and Strosin",false,
491,Prentice,241,8/9/2023,663,"Spinka, Fisher and Gleason",false,
417,8th,119,7/10/2023,835,"Pouros, Dooley and Zemlak",false,
984,Mayer,137,29/5/2023,703,Gutkowski Inc,false,
41,Lindbergh,48,20/7/2023,382,Wiza-Borer,false,
672,Dorton,219,15/11/2024,793,Brown-Hansen,false,
554,Kropf,81,17/8/2023,589,"Stokes, Lang and Schuppe",false,
96,Oak,212,10/3/2024,219,Medhurst-Kshlerin,false,
927,Rusk,146,30/11/2024,201,"Larson, Schaefer and Casper",false,
474,Katie,82,2/8/2023,755,Brown and Sons,false,
767,Rieder,188,20/10/2024,983,"Becker, Olson and Dibbert",false,
64,Milwaukee,101,10/6/2024,533,Moore-Schamberger,false,
924,7th,108,18/8/2024,880,Cremin Inc,true,
665,7th,100,18/5/2024,624,Wolf-Murphy,false,
394,Maple,88,5/1/2025,236,White-Hermann,false,
937,Scoville,216,11/7/2024,842,D'Amore-McCullough,false,
393,Mcguire,106,25/2/2024,440,Prohaska and Sons,false,
702,Sage,132,24/3/2025,670,Powlowski-Hessel,false,
218,Westerfield,180,1/9/2024,986,Hodkiewicz Inc,false,
150,Forest,196,27/3/2025,774,"Effertz, Paucek and Murray",false,
150,Everett,9,28/2/2024,986,Price-Dibbert,false,
707,Prairie Rose,186,5/6/2023,825,Pacocha-Greenholt,true,
132,Bluejay,115,14/6/2024,557,Reinger-Wiza,false,
64,Kingsford,184,19/5/2023,413,Hegmann-Welch,false,
427,Brentwood,191,18/3/2024,402,"Ullrich, Padberg and Douglas",false,
713,Vahlen,132,19/6/2024,643,Cronin and Sons,false,
709,Prentice,77,3/6/2023,832,Walsh-Kshlerin,false,
350,Katie,16,18/9/2023,652,Klein LLC,false,
277,Alpine,106,19/6/2024,645,Green LLC,false,
694,Brown,167,16/6/2024,722,Marks and Sons,false,
366,Cambridge,249,20/7/2023,402,"Schumm, Bashirian and Ruecker",false,
781,Center,168,1/9/2023,508,"Blanda, Stark and Lynch",false,
309,Buena Vista,93,6/3/2024,241,Leannon LLC,false,
309,Parkside,178,23/1/2025,894,Bahringer LLC,false,
548,Cottonwood,100,4/9/2024,610,Langosh Inc,false,
427,Nevada,149,23/1/2024,598,Denesik Inc,false,
647,Meadow Ridge,28,14/5/2024,613,"Ryan, Gleichner and Feeney",true,
201,Kings,139,7/11/2024,687,"Osinski, Rosenbaum and Oberbrunner",false,
781,Barby,245,4/7/2023,710,Kessler-Schaefer,false,
150,Twin Pines,164,18/2/2024,554,Considine LLC,false,
323,Lakewood,24,17/11/2024,943,Bartell-White,false,
427,Hoepker,100,31/3/2024,916,"Herzog, Wehner and Botsford",false,
352,Grasskamp,68,13/1/2024,780,Sauer Group,false,
771,Bonner,73,1/7/2024,520,Wuckert LLC,false,
614,Rockefeller,197,7/5/2024,842,Muller-O'Hara,false,
393,Rusk,72,6/6/2024,775,Fay Inc,false,
251,Menomonie,178,9/1/2024,672,"Ondricka, Keeling and Tremblay",false,
641,Vera,159,8/4/2024,404,Halvorson and Sons,false,
501,Corry,81,3/11/2023,488,Hoeger-Schaden,false,
101,Continental,240,2/8/2023,221,Hauck and Sons,true,
417,Hooker,4,3/12/2023,896,Vandervort-Jakubowski,false,
64,Roth,208,8/1/2025,763,"McGlynn, Funk and Gleichner",false,
672,Petterle,232,10/9/2023,968,"Ritchie, Zemlak and Hintz",false,
309,Glendale,67,13/3/2025,548,Gutkowski-Beatty,false,
96,Maryland,1,6/9/2023,706,DuBuque-Barrows,false,
749,Loomis,75,3/6/2024,202,Homenick Group,false,
440,La Follette,226,5/5/2024,742,Goyette LLC,false,
502,Hauk,113,4/2/2024,780,Wolff-Rutherford,false,
427,Johnson,44,21/9/2023,960,Moen LLC,false,
924,Toban,183,2/9/2023,548,Sipes and Sons,false,
417,Dovetail,246,17/5/2025,409,"Treutel, Ondricka and Johns",false,
896,Fieldstone,184,9/6/2024,458,Hane-Mann,false,
154,Russell,131,11/2/2025,698,Davis-Hoeger,true,
713,Waywood,143,5/11/2024,554,Jerde LLC,false,
376,Eagan,173,26/1/2024,259,Walter-Jones,false,
22,Buena Vista,77,8/8/2024,985,Halvorson-Ruecker,false,
900,Portage,13,20/11/2023,278,"Dickinson, Steuber and Rice",false,
282,Kennedy,33,4/11/2023,540,Brekke-Lueilwitz,false,
502,Dryden,158,28/4/2024,588,Mertz and Sons,false,
127,Dennis,150,6/11/2024,744,Kerluke-Sawayn,false,
427,Kennedy,32,8/6/2024,292,"O'Connell, Fritsch and Wolff",false,
218,Schlimgen,163,1/8/2023,495,Marks-Bednar,false,
812,Scofield,29,27/12/2024,987,Rowe-Gutkowski,false,
924,Crowley,234,2/10/2024,249,Lang LLC,false,
541,Rowland,24,17/12/2023,630,"Wunsch, Wunsch and Hills",false,
771,Golf Course,220,22/6/2023,345,Greenfelder and Sons,false,
924,Monica,28,15/1/2024,765,Gutmann Group,false,
704,Northwestern,179,12/11/2023,244,Ebert-O'Hara,false,
641,Ilene,166,12/10/2024,378,Stehr-Feil,false,
746,Myrtle,56,23/7/2024,680,Auer and Sons,false,
767,Graedel,220,17/8/2023,636,"Weissnat, Windler and Hoppe",false,
440,Iowa,4,26/9/2023,679,Ferry and Sons,false,
831,American Ash,136,14/3/2024,499,Bednar Group,false,
774,Quincy,202,17/12/2023,522,Heaney Group,true,
112,Mosinee,48,24/7/2024,811,Weber and Sons,false,
376,Briar Crest,113,24/11/2023,557,"Sanford, Lebsack and Lesch",true,
370,Elmside,248,31/7/2024,972,Hickle-Walsh,false,
154,Gerald,195,11/12/2023,534,"Sawayn, Lind and Wunsch",false,
376,Twin Pines,244,22/1/2024,757,Kuphal-Lehner,false,
161,Dorton,25,13/2/2024,783,Douglas-Gutmann,false,
537,Aberg,16,28/8/2023,561,"Sawayn, Krajcik and Hoppe",false,
428,Boyd,209,12/5/2025,893,Feil Inc,false,
150,Kipling,171,27/11/2024,575,"Kemmer, Maggio and Macejkovic",false,
63,Summer Ridge,111,15/8/2024,781,Pagac Group,false,
749,Sheridan,234,28/6/2023,875,Dare-Swaniawski,false,
859,Rieder,142,9/9/2024,324,"Boehm, Borer and Hudson",false,
143,Debra,75,23/6/2023,419,Cartwright-Vandervort,false,
119,Utah,242,27/8/2023,445,"Champlin, Wyman and Luettgen",false,
143,Haas,59,7/2/2024,691,Breitenberg-Batz,false,
387,Trailsway,130,8/10/2023,719,"Jones, Koch and Kuphal",false,
387,Lien,134,18/4/2025,637,"Lesch, Dietrich and Stroman",false,
493,Dakota,5,16/1/2024,516,Littel-Hahn,false,
201,Oneill,206,3/7/2024,405,Schowalter-Cartwright,true,
432,Moose,204,22/1/2024,438,Larkin LLC,false,
282,Texas,29,25/11/2024,678,"Cole, Douglas and Cole",false,
982,Monica,129,2/12/2023,747,Heller Inc,false,
143,Aberg,172,18/3/2024,209,"Schuppe, Koepp and Stoltenberg",false,
393,Northwestern,23,31/7/2023,503,Kilback-Little,false,
537,Bunker Hill,241,31/10/2023,377,Thompson Inc,false,
493,Crescent Oaks,5,8/4/2024,365,"Emmerich, Nader and Cole",false,
393,Green Ridge,113,25/9/2023,662,"Sipes, Sipes and Pollich",true,
984,Basil,135,16/4/2025,331,Sipes-Cruickshank,false,
713,Westend,100,27/5/2024,593,Renner-Yost,false,
647,Redwing,20,4/12/2023,309,"Marks, Predovic and McCullough",false,
749,Swallow,77,12/1/2025,581,Dickinson LLC,false,
672,Blackbird,7,11/7/2024,791,Klein-Maggio,false,
39,Spenser,118,28/7/2023,782,"Bruen, Zulauf and Langosh",false,
119,Claremont,114,9/8/2024,537,Rice-Collier,true,
112,6th,22,15/8/2023,573,Considine Group,false,
56,Farmco,220,26/6/2024,900,Schroeder-Bahringer,false,
694,Mallard,122,15/12/2024,717,Wuckert Group,false,
865,Oakridge,243,9/2/2024,564,Maggio and Sons,false,
458,Bartelt,231,21/7/2024,619,Pouros Inc,false,
387,Atwood,230,7/7/2023,392,Mitchell-Simonis,false,
154,Oxford,114,7/1/2024,509,Daniel and Sons,false,
112,Loftsgordon,139,13/12/2023,696,Little LLC,true,
702,Burning Wood,173,28/8/2023,327,"Bartell, Turner and Dach",false,
501,Emmet,117,29/12/2023,803,Dickinson Group,false,
702,Cascade,179,24/7/2023,416,"Howe, Schroeder and Mohr",false,
72,Raven,153,10/1/2024,610,"Reichel, Schoen and Ortiz",false,
774,Mesta,1,2/8/2024,431,Watsica Group,true,
161,Portage,126,6/8/2024,698,Hane-Goodwin,false,
474,Porter,174,4/7/2024,241,Schmitt-Kunde,false,
387,Artisan,26,6/9/2023,778,Batz LLC,false,
127,Everett,17,24/6/2023,551,"Schinner, Bergnaum and Ullrich",false,
64,Debra,13,20/11/2024,602,"Anderson, Gibson and Pfeffer",false,
537,Tennyson,13,1/3/2024,663,Kuvalis Inc,false,
50,Boyd,100,31/5/2023,295,Kris-Pfannerstill,false,
428,Mariners Cove,150,29/1/2024,542,Stiedemann-Upton,false,
537,Karstens,26,15/12/2024,868,Herzog LLC,false,
554,Manley,45,14/5/2024,552,"Schmeler, Monahan and Tremblay",false,
161,6th,38,15/12/2024,224,Gerlach Group,false,
767,Basil,161,17/2/2024,427,McDermott Group,false,
427,Loeprich,13,7/12/2024,903,Lockman-Jakubowski,true,
950,Roxbury,180,13/10/2024,391,"Halvorson, Morar and Kilback",false,
352,Riverside,59,9/8/2024,236,Olson and Sons,false,
393,Mitchell,182,1/12/2023,851,Bergstrom and Sons,false,
154,Monterey,104,12/6/2023,348,"Dare, Schamberger and Lesch",false,
323,Dayton,178,26/6/2023,808,Ziemann-Kilback,false,
817,Laurel,141,28/11/2024,785,"Kshlerin, Abernathy and Bartoletti",false,
746,School,46,6/8/2024,773,Hand Inc,false,
127,Meadow Valley,61,12/12/2023,278,Shanahan-Kuphal,false,
746,New Castle,22,31/8/2023,704,"Franecki, Howell and Davis",false,
627,Miller,41,23/12/2024,843,"Torphy, Collier and Stroman",false,
474,Mosinee,229,9/3/2025,386,Glover Inc,false,
427,Dawn,72,17/6/2024,537,Miller and Sons,false,
366,Sutherland,92,27/7/2024,987,"Rogahn, Zieme and Romaguera",false,
853,1st,152,21/3/2024,953,Gerlach Inc,true,
713,Cottonwood,17,2/3/2024,350,"Upton, Cormier and MacGyver",false,
853,Barby,33,9/6/2024,600,Moen and Sons,false,
746,Boyd,186,24/2/2024,713,Kutch-Wisoky,false,
112,Mosinee,146,3/1/2024,541,Reichel LLC,false,
755,Bunting,95,15/5/2024,591,Trantow Inc,false,
896,Ridgeview,70,27/8/2023,605,Graham LLC,false,
999,Carberry,159,21/8/2023,512,"Labadie, Stiedemann and Zulauf",false,
746,Lawn,130,11/1/2025,851,Schoen-Mertz,false,
133,Nancy,168,24/5/2024,551,Kohler-Reichel,false,
201,Kipling,222,23/4/2024,923,Grady LLC,false,
859,Nobel,108,16/4/2024,868,"Crona, Lynch and Fisher",false,
755,Killdeer,140,18/7/2023,402,"Lehner, Farrell and Koepp",false,
694,Acker,216,9/10/2024,670,"Steuber, Schmeler and Rosenbaum",false,
132,Delaware,114,8/11/2024,431,Wisozk-Lakin,false,
853,Ilene,91,23/11/2024,472,Prosacco Group,false,
201,Mockingbird,120,11/4/2024,808,"Wiza, Wunsch and D'Amore",false,
702,Esch,30,11/5/2025,383,"Armstrong, Torphy and Kiehn",true,
133,Algoma,16,10/3/2025,487,Emmerich-Graham,false,
713,Graedel,79,12/4/2025,706,"Friesen, Keeling and Runolfsson",false,
641,Havey,73,31/12/2024,264,Ritchie and Sons,false,
554,Hovde,216,24/8/2024,460,Auer Group,false,
502,Mesta,97,1/1/2024,920,"Kohler, Wehner and Bahringer",false,
366,Derek,159,12/3/2024,701,Haley LLC,false,
394,Washington,81,9/8/2024,474,Adams-Reinger,false,
817,Meadow Ridge,117,23/9/2024,482,Beer-Heathcote,false,
767,Spohn,87,28/4/2025,491,Schmeler and Sons,false,
898,Lindbergh,102,28/3/2024,300,"Fisher, Fritsch and Schimmel",false,
627,Boyd,72,18/7/2023,413,Koelpin Group,false,
332,Warbler,222,1/7/2024,284,"Durgan, Marquardt and Lowe",false,
653,8th,235,14/3/2024,533,"Sawayn, Macejkovic and Schneider",false,
430,Sauthoff,214,28/9/2024,911,Gislason-Crona,false,
898,Warbler,111,29/2/2024,957,"Gottlieb, Gorczany and Fadel",false,
50,Northland,164,29/7/2024,577,"Borer, Spinka and Hyatt",false,